date,order_book_id,lifecycle_state,buy_permission_today,buy_permission_persistent,is_day0_signal,is_day1_signal,gross_buy_cash,net_added_cash,t_success_cash,t_success_pnl,t_failed_cash,active_quantity,pending_forward_count,pending_reverse_count,active_batch_count
2026-03-03,000725.XSHE,IDLE,1,1,0,0,0.0,0.0,0.0,0.0,0.0,0,0,0,0
2026-03-03,600600.XSHG,IDLE,1,1,0,1,0.0,0.0,0.0,0.0,0.0,0,0,0,0
2026-03-03,600059.XSHG,IDLE,1,1,0,0,0.0,0.0,0.0,0.0,0.0,0,0,0,0
2026-03-03,600887.XSHG,DAY1_PLUS_ACTIVE,1,1,1,1,5205.0,5205.0,0.0,0.0,5205.0,200,0,0,1
2026-03-03,000895.XSHE,IDLE,1,1,0,0,0.0,0.0,0.0,0.0,0.0,0,0,0,0
2026-03-03,600315.XSHG,DAY1_PLUS_ACTIVE,1,1,1,1,6446.0,6446.0,0.0,0.0,6446.0,300,0,0,1
2026-03-03,601888.XSHG,IDLE,1,1,0,0,0.0,0.0,0.0,0.0,0.0,0,0,0,0
2026-03-03,600138.XSHG,IDLE,1,1,0,1,0.0,0.0,0.0,0.0,0.0,0,0,0,0
2026-03-03,002033.XSHE,IDLE,1,1,0,0,0.0,0.0,0.0,0.0,0.0,0,0,0,0
2026-03-03,000069.XSHE,IDLE,1,1,0,0,0.0,0.0,0.0,0.0,0.0,0,0,0,0
2026-03-03,600535.XSHG,IDLE,1,1,0,0,0.0,0.0,0.0,0.0,0.0,0,0,0,0
2026-03-03,000423.XSHE,IDLE,1,1,0,0,0.0,0.0,0.0,0.0,0.0,0,0,0,0
2026-03-03,600436.XSHG,IDLE,1,1,1,1,0.0,0.0,0.0,0.0,0.0,0,0,0,0
2026-03-03,000538.XSHE,IDLE,1,1,0,1,0.0,0.0,0.0,0.0,0.0,0,0,0,0
2026-03-03,600085.XSHG,DAY1_PLUS_ACTIVE,1,1,1,1,6091.0,6091.0,0.0,0.0,6091.0,200,0,0,1
2026-03-03,600332.XSHG,IDLE,1,1,0,1,0.0,0.0,0.0,0.0,0.0,0,0,0,0
2026-03-03,600276.XSHG,IDLE,1,1,1,1,0.0,0.0,0.0,0.0,0.0,0,0,0,0
2026-03-03,600161.XSHG,DAY1_PLUS_ACTIVE,1,1,1,1,1614.9999999999998,1614.9999999999998,0.0,0.0,1614.9999999999998,100,0,0,1
2026-03-03,300122.XSHE,DAY1_PLUS_ACTIVE,1,1,1,1,3259.0,3259.0000000000005,0.0,0.0,3259.0000000000005,200,0,0,1
2026-03-03,300142.XSHE,IDLE,1,1,0,1,0.0,0.0,0.0,0.0,0.0,0,0,0,0
2026-03-03,600111.XSHG,IDLE,0,0,0,0,0.0,0.0,0.0,0.0,0.0,0,0,0,0
2026-03-03,600456.XSHG,IDLE,1,1,0,0,0.0,0.0,0.0,0.0,0.0,0,0,0,0
2026-03-03,601088.XSHG,IDLE,1,1,0,0,0.0,0.0,0.0,0.0,0.0,0,0,0,0
2026-03-03,601318.XSHG,IDLE,1,1,0,0,0.0,0.0,0.0,0.0,0.0,0,0,0,0
2026-03-03,600030.XSHG,IDLE,1,1,0,0,0.0,0.0,0.0,0.0,0.0,0,0,0,0
2026-03-03,600036.XSHG,IDLE,1,1,0,1,0.0,0.0,0.0,0.0,0.0,0,0,0,0
2026-03-03,600016.XSHG,IDLE,1,1,0,1,0.0,0.0,0.0,0.0,0.0,0,0,0,0
2026-03-03,600000.XSHG,DAY1_PLUS_ACTIVE,1,1,1,1,1940.0,1939.9999999999998,0.0,0.0,1939.9999999999998,200,0,0,1
2026-03-04,000725.XSHE,IDLE,1,1,0,0,0.0,0.0,0.0,0.0,0.0,0,0,0,0
2026-03-04,600600.XSHG,IDLE,1,1,0,1,0.0,0.0,0.0,0.0,0.0,0,0,0,0
2026-03-04,600059.XSHG,IDLE,1,1,0,1,0.0,0.0,0.0,0.0,0.0,0,0,0,0
2026-03-04,600887.XSHG,DAY1_PLUS_ACTIVE,1,1,1,1,2567.0,2567.0,0.0,0.0,2567.0,300,0,0,2
2026-03-04,000895.XSHE,IDLE,1,1,0,0,0.0,0.0,0.0,0.0,0.0,0,0,0,0
2026-03-04,600315.XSHG,DAY1_PLUS_ACTIVE,1,1,1,1,6302.0,6302.0,0.0,0.0,6302.0,600,0,0,2
2026-03-04,601888.XSHG,IDLE,1,1,0,1,0.0,0.0,0.0,0.0,0.0,0,0,0,0
2026-03-04,600138.XSHG,DAY1_PLUS_ACTIVE,1,1,1,1,944.0,944.0,0.0,0.0,944.0,100,0,0,1
2026-03-04,002033.XSHE,IDLE,1,1,0,0,0.0,0.0,0.0,0.0,0.0,0,0,0,0
2026-03-04,000069.XSHE,IDLE,1,1,0,0,0.0,0.0,0.0,0.0,0.0,0,0,0,0
2026-03-04,600535.XSHG,IDLE,1,1,0,0,0.0,0.0,0.0,0.0,0.0,0,0,0,0
2026-03-04,000423.XSHE,IDLE,1,1,0,0,0.0,0.0,0.0,0.0,0.0,0,0,0,0
2026-03-04,600436.XSHG,IDLE,1,1,1,1,0.0,0.0,0.0,0.0,0.0,0,0,0,0
2026-03-04,000538.XSHE,IDLE,1,1,0,1,0.0,0.0,0.0,0.0,0.0,0,0,0,0
2026-03-04,600085.XSHG,DAY1_PLUS_ACTIVE,1,1,1,1,0.0,0.0,0.0,0.0,0.0,200,0,0,1
2026-03-04,600332.XSHG,IDLE,1,1,1,1,0.0,0.0,0.0,0.0,0.0,0,0,0,0
2026-03-04,600276.XSHG,IDLE,1,1,1,1,0.0,0.0,0.0,0.0,0.0,0,0,0,0
2026-03-04,600161.XSHG,DAY1_PLUS_ACTIVE,1,1,1,1,1576.0,1576.0,0.0,0.0,1576.0,200,0,0,2
2026-03-04,300122.XSHE,DAY1_PLUS_ACTIVE,1,1,1,1,3151.0,3151.0,0.0,0.0,3151.0,400,0,0,2
2026-03-04,300142.XSHE,DAY1_PLUS_ACTIVE,1,1,1,1,9086.0,9086.0,0.0,0.0,9086.0,800,0,0,1
2026-03-04,600111.XSHG,IDLE,0,0,0,0,0.0,0.0,0.0,0.0,0.0,0,0,0,0
2026-03-04,600456.XSHG,IDLE,1,1,0,0,0.0,0.0,0.0,0.0,0.0,0,0,0,0
2026-03-04,601088.XSHG,IDLE,1,1,0,0,0.0,0.0,0.0,0.0,0.0,0,0,0,0
2026-03-04,601318.XSHG,IDLE,1,1,0,0,0.0,0.0,0.0,0.0,0.0,0,0,0,0
2026-03-04,600030.XSHG,IDLE,1,1,0,0,0.0,0.0,0.0,0.0,0.0,0,0,0,0
2026-03-04,600036.XSHG,IDLE,1,1,0,1,0.0,0.0,0.0,0.0,0.0,0,0,0,0
2026-03-04,600016.XSHG,IDLE,1,1,0,1,0.0,0.0,0.0,0.0,0.0,0,0,0,0
2026-03-04,600000.XSHG,DAY1_PLUS_ACTIVE,1,1,1,1,2861.0,2861.0,0.0,0.0,2861.0,500,0,0,2
2026-03-05,000725.XSHE,IDLE,1,1,0,0,0.0,0.0,0.0,0.0,0.0,0,0,0,0
2026-03-05,600600.XSHG,IDLE,1,1,1,1,0.0,0.0,0.0,0.0,0.0,0,0,0,0
2026-03-05,600059.XSHG,IDLE,1,1,0,1,0.0,0.0,0.0,0.0,0.0,0,0,0,0
2026-03-05,600887.XSHG,DAY1_PLUS_ACTIVE,1,1,1,1,2588.0,2588.0,0.0,0.0,2588.0,400,0,0,3
2026-03-05,000895.XSHE,IDLE,1,1,0,0,0.0,0.0,0.0,0.0,0.0,0,0,0,0
2026-03-05,600315.XSHG,DAY1_PLUS_ACTIVE,1,1,1,1,4135.0,4135.0,0.0,0.0,4135.0,800,0,0,3
2026-03-05,601888.XSHG,IDLE,1,1,0,0,0.0,0.0,0.0,0.0,0.0,0,0,0,0
2026-03-05,600138.XSHG,DAY1_PLUS_ACTIVE,1,1,1,1,941.0,941.0,0.0,0.0,941.0,200,0,0,2
2026-03-05,002033.XSHE,IDLE,1,1,0,0,0.0,0.0,0.0,0.0,0.0,0,0,0,0
2026-03-05,000069.XSHE,IDLE,1,1,0,1,0.0,0.0,0.0,0.0,0.0,0,0,0,0
2026-03-05,600535.XSHG,IDLE,1,1,0,0,0.0,0.0,0.0,0.0,0.0,0,0,0,0
2026-03-05,000423.XSHE,IDLE,1,1,0,0,0.0,0.0,0.0,0.0,0.0,0,0,0,0
2026-03-05,600436.XSHG,IDLE,1,1,1,1,0.0,0.0,0.0,0.0,0.0,0,0,0,0
2026-03-05,000538.XSHE,IDLE,1,1,1,1,0.0,0.0,0.0,0.0,0.0,0,0,0,0
2026-03-05,600085.XSHG,DAY1_PLUS_ACTIVE,1,1,1,1,2981.0,2981.0,0.0,0.0,2981.0,300,0,0,2
2026-03-05,600332.XSHG,IDLE,1,1,1,1,0.0,0.0,0.0,0.0,0.0,0,0,0,0
2026-03-05,600276.XSHG,IDLE,1,1,1,1,0.0,0.0,0.0,0.0,0.0,0,0,0,0
2026-03-05,600161.XSHG,DAY1_PLUS_ACTIVE,1,1,1,1,1564.0,1564.0,0.0,0.0,1564.0,300,0,0,3
2026-03-05,300122.XSHE,DAY1_PLUS_ACTIVE,1,1,1,1,4723.0,4723.0,0.0,0.0,4723.0,700,0,0,3
2026-03-05,300142.XSHE,DAY1_PLUS_ACTIVE,1,1,1,1,2294.0,2294.0,0.0,0.0,2294.0,1000,0,0,2
2026-03-05,600111.XSHG,IDLE,0,0,0,0,0.0,0.0,0.0,0.0,0.0,0,0,0,0
2026-03-05,600456.XSHG,IDLE,1,1,0,0,0.0,0.0,0.0,0.0,0.0,0,0,0,0
2026-03-05,601088.XSHG,IDLE,1,1,0,0,0.0,0.0,0.0,0.0,0.0,0,0,0,0
2026-03-05,601318.XSHG,IDLE,1,1,0,0,0.0,0.0,0.0,0.0,0.0,0,0,0,0
2026-03-05,600030.XSHG,DAY1_PLUS_ACTIVE,1,1,1,1,2628.0,2628.0,0.0,0.0,2628.0,100,0,0,1
2026-03-05,600036.XSHG,IDLE,1,1,0,1,0.0,0.0,0.0,0.0,0.0,0,0,0,0
2026-03-05,600016.XSHG,DAY1_PLUS_ACTIVE,1,1,1,1,1536.0,1536.0,0.0,0.0,1536.0,400,0,0,1
2026-03-05,600000.XSHG,DAY1_PLUS_ACTIVE,1,1,1,1,2900.0,2900.0,0.0,0.0,2900.0,800,0,0,3
2026-03-06,000725.XSHE,IDLE,1,1,0,0,0.0,0.0,0.0,0.0,0.0,0,0,0,0
2026-03-06,600600.XSHG,IDLE,1,1,1,1,0.0,0.0,0.0,0.0,0.0,0,0,0,0
2026-03-06,600059.XSHG,IDLE,1,1,0,1,0.0,0.0,0.0,0.0,0.0,0,0,0,0
2026-03-06,600887.XSHG,DAY1_PLUS_ACTIVE,1,1,1,1,2582.0,2582.0,0.0,0.0,2582.0,500,0,0,4
2026-03-06,000895.XSHE,IDLE,1,1,0,0,0.0,0.0,0.0,0.0,0.0,0,0,0,0
2026-03-06,600315.XSHG,DAY1_PLUS_ACTIVE,1,1,1,1,8192.0,8192.0,0.0,0.0,8192.0,1200,0,0,4
2026-03-06,601888.XSHG,IDLE,1,1,0,1,0.0,0.0,0.0,0.0,0.0,0,0,0,0
2026-03-06,600138.XSHG,DAY1_PLUS_ACTIVE,1,1,1,1,0.0,0.0,0.0,0.0,0.0,200,0,0,2
2026-03-06,002033.XSHE,IDLE,1,1,0,0,0.0,0.0,0.0,0.0,0.0,0,0,0,0
2026-03-06,000069.XSHE,IDLE,1,1,0,1,0.0,0.0,0.0,0.0,0.0,0,0,0,0
2026-03-06,600535.XSHG,IDLE,1,1,0,0,0.0,0.0,0.0,0.0,0.0,0,0,0,0
2026-03-06,000423.XSHE,IDLE,1,1,0,0,0.0,0.0,0.0,0.0,0.0,0,0,0,0
2026-03-06,600436.XSHG,IDLE,1,1,1,1,0.0,0.0,0.0,0.0,0.0,0,0,0,0
2026-03-06,000538.XSHE,IDLE,1,1,0,1,0.0,0.0,0.0,0.0,0.0,0,0,0,0
2026-03-06,600085.XSHG,DAY1_PLUS_ACTIVE,1,1,1,1,0.0,0.0,0.0,0.0,0.0,300,0,0,2
2026-03-06,600332.XSHG,IDLE,1,1,1,1,0.0,0.0,0.0,0.0,0.0,0,0,0,0
2026-03-06,600276.XSHG,IDLE,1,1,1,1,0.0,0.0,0.0,0.0,0.0,0,0,0,0
2026-03-06,600161.XSHG,DAY1_PLUS_ACTIVE,1,1,1,1,1575.0,1575.0,0.0,0.0,1575.0,400,0,0,4
2026-03-06,300122.XSHE,DAY1_PLUS_ACTIVE,1,1,1,1,4769.0,3189.0,1607.0,21.196499999999958,3189.0,900,0,0,4
2026-03-06,300142.XSHE,DAY1_PLUS_ACTIVE,1,1,1,1,2288.0,0.0,2330.0,30.834999999999994,0.0,1000,0,0,2
2026-03-06,600111.XSHG,IDLE,0,0,0,0,0.0,0.0,0.0,0.0,0.0,0,0,0,0
2026-03-06,600456.XSHG,IDLE,1,1,0,0,0.0,0.0,0.0,0.0,0.0,0,0,0,0
2026-03-06,601088.XSHG,IDLE,1,1,0,0,0.0,0.0,0.0,0.0,0.0,0,0,0,0
2026-03-06,601318.XSHG,IDLE,1,1,0,0,0.0,0.0,0.0,0.0,0.0,0,0,0,0
2026-03-06,600030.XSHG,DAY1_PLUS_ACTIVE,1,1,1,1,2632.0,2632.0,0.0,0.0,2632.0,200,0,0,2
2026-03-06,600036.XSHG,IDLE,1,1,0,1,0.0,0.0,0.0,0.0,0.0,0,0,0,0
2026-03-06,600016.XSHG,DAY1_PLUS_ACTIVE,1,1,0,1,1536.0,1536.0,0.0,0.0,1536.0,800,0,0,2
2026-03-06,600000.XSHG,DAY1_PLUS_ACTIVE,1,1,1,1,4873.0,4873.0,0.0,0.0,4873.0,1300,0,0,4
2026-03-09,000725.XSHE,IDLE,1,1,0,0,0.0,0.0,0.0,0.0,0.0,0,0,0,0
2026-03-09,600600.XSHG,IDLE,1,1,0,1,0.0,0.0,0.0,0.0,0.0,0,0,0,0
2026-03-09,600059.XSHG,IDLE,1,1,0,1,0.0,0.0,0.0,0.0,0.0,0,0,0,0
2026-03-09,600887.XSHG,DAY1_PLUS_ACTIVE,1,1,0,1,5208.0,2620.0,2635.0,40.68250000000024,2620.0,600,0,0,5
2026-03-09,000895.XSHE,IDLE,1,1,0,0,0.0,0.0,0.0,0.0,0.0,0,0,0,0
2026-03-09,600315.XSHG,DAY1_PLUS_ACTIVE,0,0,1,1,1946.0,1946.0,0.0,0.0,1946.0,1300,0,0,5
2026-03-09,601888.XSHG,IDLE,1,1,0,0,0.0,0.0,0.0,0.0,0.0,0,0,0,0
2026-03-09,600138.XSHG,DAY1_PLUS_ACTIVE,1,1,1,1,940.0,940.0,0.0,0.0,940.0,300,0,0,3
2026-03-09,002033.XSHE,IDLE,1,1,0,0,0.0,0.0,0.0,0.0,0.0,0,0,0,0
2026-03-09,000069.XSHE,IDLE,1,1,0,0,0.0,0.0,0.0,0.0,0.0,0,0,0,0
2026-03-09,600535.XSHG,IDLE,1,1,0,0,0.0,0.0,0.0,0.0,0.0,0,0,0,0
2026-03-09,000423.XSHE,IDLE,1,1,0,0,0.0,0.0,0.0,0.0,0.0,0,0,0,0
2026-03-09,600436.XSHG,IDLE,1,1,1,1,0.0,0.0,0.0,0.0,0.0,0,0,0,0
2026-03-09,000538.XSHE,IDLE,1,1,0,1,0.0,0.0,0.0,0.0,0.0,0,0,0,0
2026-03-09,600085.XSHG,DAY1_PLUS_ACTIVE,1,1,1,1,0.0,0.0,0.0,0.0,0.0,300,0,0,2
2026-03-09,600332.XSHG,IDLE,1,1,1,1,0.0,0.0,0.0,0.0,0.0,0,0,0,0
2026-03-09,600276.XSHG,IDLE,1,1,1,1,0.0,0.0,0.0,0.0,0.0,0,0,0,0
2026-03-09,600161.XSHG,DAY1_PLUS_ACTIVE,1,1,1,1,4789.0,4789.0,0.0,0.0,4789.0,700,0,0,5
2026-03-09,300122.XSHE,DAY1_PLUS_ACTIVE,1,1,1,1,4843.0,3240.0,1630.0,21.184999999999956,3240.0,1100,0,0,5
2026-03-09,300142.XSHE,DAY1_PLUS_ACTIVE,1,1,0,1,5821.0,2340.0,3550.0,57.22500000000013,2340.0,1200,0,0,3
2026-03-09,600111.XSHG,IDLE,0,0,0,0,0.0,0.0,0.0,0.0,0.0,0,0,0,0
2026-03-09,600456.XSHG,IDLE,1,1,0,0,0.0,0.0,0.0,0.0,0.0,0,0,0,0
2026-03-09,601088.XSHG,IDLE,1,1,0,0,0.0,0.0,0.0,0.0,0.0,0,0,0,0
2026-03-09,601318.XSHG,IDLE,1,1,0,0,0.0,0.0,0.0,0.0,0.0,0,0,0,0
2026-03-09,600030.XSHG,DAY1_PLUS_ACTIVE,1,1,1,1,0.0,0.0,0.0,0.0,0.0,200,0,0,2
2026-03-09,600036.XSHG,IDLE,1,1,0,1,0.0,0.0,0.0,0.0,0.0,0,0,0,0
2026-03-09,600016.XSHG,DAY1_PLUS_ACTIVE,1,1,0,1,2318.0,2318.0,0.0,0.0,2318.0,1400,0,0,3
2026-03-09,600000.XSHG,DAY1_PLUS_ACTIVE,1,1,1,1,1979.0,1979.0,0.0,0.0,1979.0,1500,0,0,5
2026-03-10,000725.XSHE,IDLE,1,1,0,0,0.0,0.0,0.0,0.0,0.0,0,0,0,0
2026-03-10,600600.XSHG,IDLE,1,1,0,1,0.0,0.0,0.0,0.0,0.0,0,0,0,0
2026-03-10,600059.XSHG,IDLE,1,1,0,1,0.0,0.0,0.0,0.0,0.0,0,0,0,0
2026-03-10,600887.XSHG,DAY1_PLUS_ACTIVE,1,1,0,1,2637.0,2637.0,0.0,0.0,2637.0,700,0,0,6
2026-03-10,000895.XSHE,IDLE,1,1,0,0,0.0,0.0,0.0,0.0,0.0,0,0,0,0
2026-03-10,600315.XSHG,DAY1_PLUS_ACTIVE,0,0,1,1,0.0,0.0,0.0,0.0,0.0,1300,0,0,5
2026-03-10,601888.XSHG,IDLE,1,1,0,1,0.0,0.0,0.0,0.0,0.0,0,0,0,0
2026-03-10,600138.XSHG,DAY1_PLUS_ACTIVE,1,1,1,1,0.0,0.0,0.0,0.0,0.0,300,0,0,3
2026-03-10,002033.XSHE,IDLE,1,1,0,0,0.0,0.0,0.0,0.0,0.0,0,0,0,0
2026-03-10,000069.XSHE,IDLE,1,1,0,1,0.0,0.0,0.0,0.0,0.0,0,0,0,0
2026-03-10,600535.XSHG,IDLE,1,1,0,0,0.0,0.0,0.0,0.0,0.0,0,0,0,0
2026-03-10,000423.XSHE,IDLE,1,1,0,0,0.0,0.0,0.0,0.0,0.0,0,0,0,0
2026-03-10,600436.XSHG,IDLE,1,1,1,1,0.0,0.0,0.0,0.0,0.0,0,0,0,0
2026-03-10,000538.XSHE,IDLE,1,1,0,1,0.0,0.0,0.0,0.0,0.0,0,0,0,0
2026-03-10,600085.XSHG,DAY1_PLUS_ACTIVE,1,1,1,1,0.0,0.0,0.0,0.0,0.0,300,0,0,2
2026-03-10,600332.XSHG,IDLE,1,1,1,1,0.0,0.0,0.0,0.0,0.0,0,0,0,0
2026-03-10,600276.XSHG,IDLE,1,1,1,1,0.0,0.0,0.0,0.0,0.0,0,0,0,0
2026-03-10,600161.XSHG,DAY1_PLUS_ACTIVE,1,1,1,1,0.0,0.0,0.0,0.0,0.0,700,0,0,5
2026-03-10,300122.XSHE,DAY1_PLUS_ACTIVE,1,1,1,1,1622.0,1622.0,0.0,0.0,1622.0,1200,0,0,6
2026-03-10,300142.XSHE,DAY1_PLUS_ACTIVE,1,1,0,1,1196.0,1196.0,0.0,0.0,1196.0,1300,0,0,4
2026-03-10,600111.XSHG,IDLE,0,0,0,0,0.0,0.0,0.0,0.0,0.0,0,0,0,0
2026-03-10,600456.XSHG,IDLE,1,1,0,0,0.0,0.0,0.0,0.0,0.0,0,0,0,0
2026-03-10,601088.XSHG,IDLE,1,1,0,0,0.0,0.0,0.0,0.0,0.0,0,0,0,0
2026-03-10,601318.XSHG,IDLE,1,1,0,0,0.0,0.0,0.0,0.0,0.0,0,0,0,0
2026-03-10,600030.XSHG,DAY1_PLUS_ACTIVE,1,1,1,1,2608.0,2608.0,0.0,0.0,2608.0,300,0,0,3
2026-03-10,600036.XSHG,IDLE,1,1,0,1,0.0,0.0,0.0,0.0,0.0,0,0,0,0
2026-03-10,600016.XSHG,DAY1_PLUS_ACTIVE,1,1,0,1,782.0,782.0,0.0,0.0,782.0,1600,0,0,4
2026-03-10,600000.XSHG,DAY1_PLUS_ACTIVE,1,1,1,1,1979.0,1979.0,0.0,0.0,1979.0,1700,0,0,6
2026-03-11,000725.XSHE,IDLE,1,1,0,0,0.0,0.0,0.0,0.0,0.0,0,0,0,0
2026-03-11,600600.XSHG,IDLE,1,1,0,1,0.0,0.0,0.0,0.0,0.0,0,0,0,0
2026-03-11,600059.XSHG,IDLE,1,1,0,1,0.0,0.0,0.0,0.0,0.0,0,0,0,0
2026-03-11,600887.XSHG,DAY1_PLUS_ACTIVE,1,1,0,1,0.0,0.0,0.0,0.0,0.0,700,0,0,6
2026-03-11,000895.XSHE,IDLE,1,1,0,0,0.0,0.0,0.0,0.0,0.0,0,0,0,0
2026-03-11,600315.XSHG,DAY1_PLUS_ACTIVE,0,0,1,1,0.0,0.0,0.0,0.0,0.0,1300,0,0,5
2026-03-11,601888.XSHG,IDLE,1,1,0,1,0.0,0.0,0.0,0.0,0.0,0,0,0,0
2026-03-11,600138.XSHG,DAY1_PLUS_ACTIVE,1,1,0,1,0.0,0.0,0.0,0.0,0.0,300,0,0,3
2026-03-11,002033.XSHE,IDLE,1,1,0,0,0.0,0.0,0.0,0.0,0.0,0,0,0,0
2026-03-11,000069.XSHE,IDLE,1,1,0,1,0.0,0.0,0.0,0.0,0.0,0,0,0,0
2026-03-11,600535.XSHG,IDLE,1,1,0,0,0.0,0.0,0.0,0.0,0.0,0,0,0,0
2026-03-11,000423.XSHE,IDLE,1,1,0,0,0.0,0.0,0.0,0.0,0.0,0,0,0,0
2026-03-11,600436.XSHG,IDLE,1,1,1,1,0.0,0.0,0.0,0.0,0.0,0,0,0,0
2026-03-11,000538.XSHE,IDLE,1,1,0,1,0.0,0.0,0.0,0.0,0.0,0,0,0,0
2026-03-11,600085.XSHG,DAY1_PLUS_ACTIVE,1,1,1,1,0.0,0.0,0.0,0.0,0.0,300,0,0,2
2026-03-11,600332.XSHG,IDLE,1,1,1,1,0.0,0.0,0.0,0.0,0.0,0,0,0,0
2026-03-11,600276.XSHG,IDLE,1,1,0,1,0.0,0.0,0.0,0.0,0.0,0,0,0,0
2026-03-11,600161.XSHG,DAY1_PLUS_ACTIVE,1,1,1,1,1607.0,1607.0,0.0,0.0,1607.0,800,0,0,6
2026-03-11,300122.XSHE,DAY1_PLUS_ACTIVE,1,1,1,1,1614.0,1614.0,0.0,0.0,1614.0,1300,0,0,7
2026-03-11,300142.XSHE,DAY1_PLUS_ACTIVE,1,1,0,1,1188.0,1188.0,0.0,0.0,1188.0,1400,0,0,5
2026-03-11,600111.XSHG,IDLE,0,0,0,0,0.0,0.0,0.0,0.0,0.0,0,0,0,0
2026-03-11,600456.XSHG,IDLE,1,1,0,0,0.0,0.0,0.0,0.0,0.0,0,0,0,0
2026-03-11,601088.XSHG,IDLE,1,1,0,0,0.0,0.0,0.0,0.0,0.0,0,0,0,0
2026-03-11,601318.XSHG,IDLE,1,1,0,0,0.0,0.0,0.0,0.0,0.0,0,0,0,0
2026-03-11,600030.XSHG,DAY1_PLUS_ACTIVE,1,1,1,1,0.0,0.0,0.0,0.0,0.0,300,0,0,3
2026-03-11,600036.XSHG,IDLE,1,1,0,1,0.0,0.0,0.0,0.0,0.0,0,0,0,0
2026-03-11,600016.XSHG,DAY1_PLUS_ACTIVE,1,1,0,1,0.0,0.0,0.0,0.0,0.0,1600,0,0,4
2026-03-11,600000.XSHG,DAY1_PLUS_ACTIVE,1,1,1,1,988.0000000000001,0.0,1007.0,13.496499999999951,0.0,1700,0,0,6
2026-03-12,000725.XSHE,IDLE,1,1,0,0,0.0,0.0,0.0,0.0,0.0,0,0,0,0
2026-03-12,600600.XSHG,IDLE,1,1,0,0,0.0,0.0,0.0,0.0,0.0,0,0,0,0
2026-03-12,600059.XSHG,IDLE,1,1,0,1,0.0,0.0,0.0,0.0,0.0,0,0,0,0
2026-03-12,600887.XSHG,DAY1_PLUS_ACTIVE,1,1,0,1,0.0,0.0,0.0,0.0,0.0,700,0,0,6
2026-03-12,000895.XSHE,IDLE,1,1,0,0,0.0,0.0,0.0,0.0,0.0,0,0,0,0
2026-03-12,600315.XSHG,DAY1_PLUS_ACTIVE,0,0,1,1,0.0,0.0,0.0,0.0,0.0,1300,0,0,5
2026-03-12,601888.XSHG,IDLE,1,1,0,1,0.0,0.0,0.0,0.0,0.0,0,0,0,0
2026-03-12,600138.XSHG,DAY1_PLUS_ACTIVE,1,1,1,1,0.0,0.0,0.0,0.0,0.0,300,0,0,3
2026-03-12,002033.XSHE,IDLE,1,1,0,0,0.0,0.0,0.0,0.0,0.0,0,0,0,0
2026-03-12,000069.XSHE,IDLE,1,1,0,1,0.0,0.0,0.0,0.0,0.0,0,0,0,0
2026-03-12,600535.XSHG,IDLE,1,1,0,0,0.0,0.0,0.0,0.0,0.0,0,0,0,0
2026-03-12,000423.XSHE,IDLE,1,1,0,0,0.0,0.0,0.0,0.0,0.0,0,0,0,0
2026-03-12,600436.XSHG,IDLE,1,1,1,1,0.0,0.0,0.0,0.0,0.0,0,0,0,0
2026-03-12,000538.XSHE,IDLE,1,1,0,1,0.0,0.0,0.0,0.0,0.0,0,0,0,0
2026-03-12,600085.XSHG,DAY1_PLUS_ACTIVE,1,1,1,1,0.0,0.0,0.0,0.0,0.0,300,0,0,2
2026-03-12,600332.XSHG,IDLE,1,1,0,1,0.0,0.0,0.0,0.0,0.0,0,0,0,0
2026-03-12,600276.XSHG,IDLE,1,1,1,1,0.0,0.0,0.0,0.0,0.0,0,0,0,0
2026-03-12,600161.XSHG,DAY1_PLUS_ACTIVE,1,1,1,1,0.0,0.0,0.0,0.0,0.0,800,0,0,6
2026-03-12,300122.XSHE,DAY1_PLUS_ACTIVE,1,1,1,1,4939.0,1666.0,3313.0,28.343500000000212,1666.0,1400,0,0,8
2026-03-12,300142.XSHE,DAY1_PLUS_ACTIVE,1,1,0,1,6004.0,2432.0,3648.0,69.17600000000016,2432.0,1600,0,0,6
2026-03-12,600111.XSHG,IDLE,0,0,0,0,0.0,0.0,0.0,0.0,0.0,0,0,0,0
2026-03-12,600456.XSHG,IDLE,1,1,0,0,0.0,0.0,0.0,0.0,0.0,0,0,0,0
2026-03-12,601088.XSHG,IDLE,1,1,0,0,0.0,0.0,0.0,0.0,0.0,0,0,0,0
2026-03-12,601318.XSHG,IDLE,1,1,0,0,0.0,0.0,0.0,0.0,0.0,0,0,0,0
2026-03-12,600030.XSHG,DAY1_PLUS_ACTIVE,1,1,1,1,0.0,0.0,0.0,0.0,0.0,300,0,0,3
2026-03-12,600036.XSHG,IDLE,1,1,0,0,0.0,0.0,0.0,0.0,0.0,0,0,0,0
2026-03-12,600016.XSHG,DAY1_PLUS_ACTIVE,1,1,0,0,0.0,0.0,0.0,0.0,0.0,1600,0,0,4
2026-03-12,600000.XSHG,DAY1_PLUS_ACTIVE,1,1,1,1,0.0,0.0,0.0,0.0,0.0,1700,0,0,6
2026-03-13,000725.XSHE,IDLE,1,1,0,0,0.0,0.0,0.0,0.0,0.0,0,0,0,0
2026-03-13,600600.XSHG,IDLE,1,1,0,0,0.0,0.0,0.0,0.0,0.0,0,0,0,0
2026-03-13,600059.XSHG,IDLE,1,1,0,1,0.0,0.0,0.0,0.0,0.0,0,0,0,0
2026-03-13,600887.XSHG,DAY1_PLUS_ACTIVE,1,1,0,1,5344.0,5344.0,0.0,0.0,5344.0,900,0,0,7
2026-03-13,000895.XSHE,IDLE,1,1,0,0,0.0,0.0,0.0,0.0,0.0,0,0,0,0
2026-03-13,600315.XSHG,DAY1_PLUS_ACTIVE,0,0,1,1,0.0,0.0,0.0,0.0,0.0,1300,0,0,5
2026-03-13,601888.XSHG,IDLE,1,1,0,1,0.0,0.0,0.0,0.0,0.0,0,0,0,0
2026-03-13,600138.XSHG,DAY1_PLUS_ACTIVE,1,1,0,1,952.0,952.0,0.0,0.0,952.0,400,0,0,4
2026-03-13,002033.XSHE,IDLE,1,1,0,0,0.0,0.0,0.0,0.0,0.0,0,0,0,0
2026-03-13,000069.XSHE,IDLE,1,1,0,1,0.0,0.0,0.0,0.0,0.0,0,0,0,0
2026-03-13,600535.XSHG,IDLE,1,1,0,0,0.0,0.0,0.0,0.0,0.0,0,0,0,0
2026-03-13,000423.XSHE,IDLE,1,1,0,0,0.0,0.0,0.0,0.0,0.0,0,0,0,0
2026-03-13,600436.XSHG,IDLE,1,1,1,1,0.0,0.0,0.0,0.0,0.0,0,0,0,0
2026-03-13,000538.XSHE,IDLE,1,1,0,1,0.0,0.0,0.0,0.0,0.0,0,0,0,0
2026-03-13,600085.XSHG,DAY1_PLUS_ACTIVE,1,1,1,1,0.0,0.0,0.0,0.0,0.0,300,0,0,2
2026-03-13,600332.XSHG,IDLE,1,1,0,1,0.0,0.0,0.0,0.0,0.0,0,0,0,0
2026-03-13,600276.XSHG,IDLE,1,1,1,1,0.0,0.0,0.0,0.0,0.0,0,0,0,0
2026-03-13,600161.XSHG,DAY1_PLUS_ACTIVE,1,1,1,1,0.0,0.0,0.0,0.0,0.0,800,0,0,6
2026-03-13,300122.XSHE,DAY1_PLUS_ACTIVE,1,1,1,1,3254.0,3254.0,0.0,0.0,3254.0,1600,0,0,9
2026-03-13,300142.XSHE,DAY1_PLUS_ACTIVE,1,1,0,0,0.0,0.0,0.0,0.0,0.0,1600,0,0,6
2026-03-13,600111.XSHG,IDLE,0,0,0,0,0.0,0.0,0.0,0.0,0.0,0,0,0,0
2026-03-13,600456.XSHG,IDLE,1,1,0,0,0.0,0.0,0.0,0.0,0.0,0,0,0,0
2026-03-13,601088.XSHG,IDLE,1,1,0,0,0.0,0.0,0.0,0.0,0.0,0,0,0,0
2026-03-13,601318.XSHG,IDLE,1,1,0,0,0.0,0.0,0.0,0.0,0.0,0,0,0,0
2026-03-13,600030.XSHG,DAY1_PLUS_ACTIVE,1,1,1,1,2579.0,2579.0,0.0,0.0,2579.0,400,0,0,4
2026-03-13,600036.XSHG,IDLE,1,1,0,0,0.0,0.0,0.0,0.0,0.0,0,0,0,0
2026-03-13,600016.XSHG,DAY1_PLUS_ACTIVE,1,1,0,0,0.0,0.0,0.0,0.0,0.0,1600,0,0,4
2026-03-13,600000.XSHG,DAY1_PLUS_ACTIVE,1,1,0,1,2047.0000000000002,1034.0,1032.0,13.48399999999995,1034.0,1800,0,0,7
2026-03-16,000725.XSHE,IDLE,1,1,0,0,0.0,0.0,0.0,0.0,0.0,0,0,0,0
2026-03-16,600600.XSHG,IDLE,1,1,0,0,0.0,0.0,0.0,0.0,0.0,0,0,0,0
2026-03-16,600059.XSHG,IDLE,1,1,0,1,0.0,0.0,0.0,0.0,0.0,0,0,0,0
2026-03-16,600887.XSHG,DAY1_PLUS_ACTIVE,1,1,0,1,5354.0,5354.0,0.0,0.0,5354.0,1100,0,0,8
2026-03-16,000895.XSHE,IDLE,1,1,0,0,0.0,0.0,0.0,0.0,0.0,0,0,0,0
2026-03-16,600315.XSHG,DAY1_PLUS_ACTIVE,0,0,0,1,0.0,0.0,0.0,0.0,0.0,1200,0,0,4
2026-03-16,601888.XSHG,IDLE,1,1,0,1,0.0,0.0,0.0,0.0,0.0,0,0,0,0
2026-03-16,600138.XSHG,DAY1_PLUS_ACTIVE,1,1,1,1,1895.0,1895.0,0.0,0.0,1895.0,600,0,0,5
2026-03-16,002033.XSHE,IDLE,1,1,0,0,0.0,0.0,0.0,0.0,0.0,0,0,0,0
2026-03-16,000069.XSHE,IDLE,1,1,0,0,0.0,0.0,0.0,0.0,0.0,0,0,0,0
2026-03-16,600535.XSHG,IDLE,1,1,0,0,0.0,0.0,0.0,0.0,0.0,0,0,0,0
2026-03-16,000423.XSHE,IDLE,1,1,0,0,0.0,0.0,0.0,0.0,0.0,0,0,0,0
2026-03-16,600436.XSHG,IDLE,1,1,1,1,0.0,0.0,0.0,0.0,0.0,0,0,0,0
2026-03-16,000538.XSHE,IDLE,1,1,0,1,0.0,0.0,0.0,0.0,0.0,0,0,0,0
2026-03-16,600085.XSHG,DAY1_PLUS_ACTIVE,1,1,1,1,3018.0,3018.0,0.0,0.0,3018.0,400,0,0,3
2026-03-16,600332.XSHG,IDLE,1,1,0,1,0.0,0.0,0.0,0.0,0.0,0,0,0,0
2026-03-16,600276.XSHG,IDLE,1,1,1,1,0.0,0.0,0.0,0.0,0.0,0,0,0,0
2026-03-16,600161.XSHG,DAY1_PLUS_ACTIVE,1,1,1,1,3211.0,3211.0,0.0,0.0,3211.0,1000,0,0,7
2026-03-16,300122.XSHE,DAY1_PLUS_ACTIVE,1,1,1,1,4906.0,4905.999999999999,0.0,0.0,4905.999999999999,1900,0,0,10
2026-03-16,300142.XSHE,DAY1_PLUS_ACTIVE,1,1,0,0,0.0,0.0,0.0,0.0,0.0,1600,0,0,6
2026-03-16,600111.XSHG,IDLE,0,0,0,0,0.0,0.0,0.0,0.0,0.0,0,0,0,0
2026-03-16,600456.XSHG,IDLE,1,1,0,0,0.0,0.0,0.0,0.0,0.0,0,0,0,0
2026-03-16,601088.XSHG,IDLE,1,1,0,0,0.0,0.0,0.0,0.0,0.0,0,0,0,0
2026-03-16,601318.XSHG,IDLE,1,1,0,0,0.0,0.0,0.0,0.0,0.0,0,0,0,0
2026-03-16,600030.XSHG,DAY1_PLUS_ACTIVE,1,1,1,1,2538.0,2538.0,0.0,0.0,2538.0,500,0,0,5
2026-03-16,600036.XSHG,IDLE,1,1,0,0,0.0,0.0,0.0,0.0,0.0,0,0,0,0
2026-03-16,600016.XSHG,DAY1_PLUS_ACTIVE,1,1,0,0,0.0,0.0,0.0,0.0,0.0,1600,0,0,4
2026-03-16,600000.XSHG,DAY1_PLUS_ACTIVE,1,1,0,1,1022.0000000000001,1022.0000000000001,0.0,0.0,1022.0000000000001,1900,0,0,8
2026-03-17,000725.XSHE,IDLE,1,1,0,0,0.0,0.0,0.0,0.0,0.0,0,0,0,0
2026-03-17,600600.XSHG,IDLE,1,1,0,0,0.0,0.0,0.0,0.0,0.0,0,0,0,0
2026-03-17,600059.XSHG,IDLE,1,1,0,1,0.0,0.0,0.0,0.0,0.0,0,0,0,0
2026-03-17,600887.XSHG,DAY1_PLUS_ACTIVE,1,1,0,0,0.0,0.0,0.0,0.0,0.0,1000,0,0,8
2026-03-17,000895.XSHE,IDLE,1,1,0,0,0.0,0.0,0.0,0.0,0.0,0,0,0,0
2026-03-17,600315.XSHG,DAY1_PLUS_ACTIVE,0,0,0,1,0.0,0.0,0.0,0.0,0.0,1100,0,0,4
2026-03-17,601888.XSHG,IDLE,1,1,0,1,0.0,0.0,0.0,0.0,0.0,0,0,0,0
2026-03-17,600138.XSHG,DAY1_PLUS_ACTIVE,1,1,0,1,953.9999999999999,953.9999999999999,0.0,0.0,953.9999999999999,700,0,0,6
2026-03-17,002033.XSHE,IDLE,1,1,0,0,0.0,0.0,0.0,0.0,0.0,0,0,0,0
2026-03-17,000069.XSHE,IDLE,1,1,0,1,0.0,0.0,0.0,0.0,0.0,0,0,0,0
2026-03-17,600535.XSHG,IDLE,1,1,0,0,0.0,0.0,0.0,0.0,0.0,0,0,0,0
2026-03-17,000423.XSHE,IDLE,1,1,0,0,0.0,0.0,0.0,0.0,0.0,0,0,0,0
2026-03-17,600436.XSHG,IDLE,1,1,1,1,0.0,0.0,0.0,0.0,0.0,0,0,0,0
2026-03-17,000538.XSHE,IDLE,1,1,0,0,0.0,0.0,0.0,0.0,0.0,0,0,0,0
2026-03-17,600085.XSHG,DAY1_PLUS_ACTIVE,1,1,1,1,3028.0,3028.0,0.0,0.0,3028.0,400,0,0,4
2026-03-17,600332.XSHG,IDLE,1,1,0,1,0.0,0.0,0.0,0.0,0.0,0,0,0,0
2026-03-17,600276.XSHG,IDLE,1,1,1,1,0.0,0.0,0.0,0.0,0.0,0,0,0,0
2026-03-17,600161.XSHG,DAY1_PLUS_ACTIVE,1,1,1,1,1607.0,1607.0,0.0,0.0,1607.0,1000,0,0,7
2026-03-17,300122.XSHE,DAY1_PLUS_ACTIVE,1,1,1,1,1652.0,1652.0,0.0,0.0,1652.0,1900,0,0,11
2026-03-17,300142.XSHE,DAY1_PLUS_ACTIVE,1,1,0,0,0.0,0.0,0.0,0.0,0.0,1600,0,0,6
2026-03-17,600111.XSHG,IDLE,0,0,0,0,0.0,0.0,0.0,0.0,0.0,0,0,0,0
2026-03-17,600456.XSHG,IDLE,1,1,0,0,0.0,0.0,0.0,0.0,0.0,0,0,0,0
2026-03-17,601088.XSHG,IDLE,1,1,0,0,0.0,0.0,0.0,0.0,0.0,0,0,0,0
2026-03-17,601318.XSHG,IDLE,1,1,0,0,0.0,0.0,0.0,0.0,0.0,0,0,0,0
2026-03-17,600030.XSHG,DAY1_PLUS_ACTIVE,1,1,1,1,2635.0,2635.0,0.0,0.0,2635.0,600,0,0,6
2026-03-17,600036.XSHG,IDLE,1,1,0,0,0.0,0.0,0.0,0.0,0.0,0,0,0,0
2026-03-17,600016.XSHG,DAY1_PLUS_ACTIVE,1,1,0,1,786.0,786.0,0.0,0.0,786.0,1800,0,0,5
2026-03-17,600000.XSHG,DAY1_PLUS_ACTIVE,1,1,0,1,2063.0,2063.0,0.0,0.0,2063.0,2000,0,0,9
2026-03-18,000725.XSHE,IDLE,1,1,0,0,0.0,0.0,0.0,0.0,0.0,0,0,0,0
2026-03-18,600600.XSHG,IDLE,1,1,0,0,0.0,0.0,0.0,0.0,0.0,0,0,0,0
2026-03-18,600059.XSHG,IDLE,1,1,0,1,0.0,0.0,0.0,0.0,0.0,0,0,0,0
2026-03-18,600887.XSHG,DAY1_PLUS_ACTIVE,1,1,0,0,0.0,0.0,0.0,0.0,0.0,900,0,0,7
2026-03-18,000895.XSHE,IDLE,1,1,0,0,0.0,0.0,0.0,0.0,0.0,0,0,0,0
2026-03-18,600315.XSHG,DAY1_PLUS_ACTIVE,0,0,0,1,0.0,0.0,0.0,0.0,0.0,1000,0,0,4
2026-03-18,601888.XSHG,IDLE,1,1,0,1,0.0,0.0,0.0,0.0,0.0,0,0,0,0
2026-03-18,600138.XSHG,DAY1_PLUS_ACTIVE,1,1,1,1,0.0,0.0,0.0,0.0,0.0,600,0,0,5
2026-03-18,002033.XSHE,IDLE,1,1,0,0,0.0,0.0,0.0,0.0,0.0,0,0,0,0
2026-03-18,000069.XSHE,IDLE,1,1,0,1,0.0,0.0,0.0,0.0,0.0,0,0,0,0
2026-03-18,600535.XSHG,IDLE,1,1,0,0,0.0,0.0,0.0,0.0,0.0,0,0,0,0
2026-03-18,000423.XSHE,IDLE,1,1,0,0,0.0,0.0,0.0,0.0,0.0,0,0,0,0
2026-03-18,600436.XSHG,IDLE,1,1,1,1,0.0,0.0,0.0,0.0,0.0,0,0,0,0
2026-03-18,000538.XSHE,IDLE,1,1,0,0,0.0,0.0,0.0,0.0,0.0,0,0,0,0
2026-03-18,600085.XSHG,DAY1_PLUS_ACTIVE,1,1,1,1,0.0,0.0,0.0,0.0,0.0,400,0,0,4
2026-03-18,600332.XSHG,IDLE,1,1,0,1,0.0,0.0,0.0,0.0,0.0,0,0,0,0
2026-03-18,600276.XSHG,IDLE,1,1,0,1,0.0,0.0,0.0,0.0,0.0,0,0,0,0
2026-03-18,600161.XSHG,DAY1_PLUS_ACTIVE,1,1,1,1,1575.0,1575.0,0.0,0.0,1575.0,1000,0,0,7
2026-03-18,300122.XSHE,DAY1_PLUS_ACTIVE,1,1,1,1,3232.0,3232.0,0.0,0.0,3232.0,2000,0,0,12
2026-03-18,300142.XSHE,DAY1_PLUS_ACTIVE,1,1,0,0,0.0,0.0,0.0,0.0,0.0,1600,0,0,6
2026-03-18,600111.XSHG,IDLE,0,0,0,0,0.0,0.0,0.0,0.0,0.0,0,0,0,0
2026-03-18,600456.XSHG,IDLE,1,1,0,0,0.0,0.0,0.0,0.0,0.0,0,0,0,0
2026-03-18,601088.XSHG,IDLE,1,1,0,0,0.0,0.0,0.0,0.0,0.0,0,0,0,0
2026-03-18,601318.XSHG,IDLE,1,1,0,0,0.0,0.0,0.0,0.0,0.0,0,0,0,0
2026-03-18,600030.XSHG,DAY1_PLUS_ACTIVE,1,1,1,1,2586.0,2586.0,0.0,0.0,2586.0,700,0,0,7
2026-03-18,600036.XSHG,IDLE,1,1,0,0,0.0,0.0,0.0,0.0,0.0,0,0,0,0
2026-03-18,600016.XSHG,DAY1_PLUS_ACTIVE,1,1,0,1,0.0,0.0,0.0,0.0,0.0,1800,0,0,5
2026-03-18,600000.XSHG,DAY1_PLUS_ACTIVE,1,1,0,1,1034.0,1034.0,0.0,0.0,1034.0,2000,0,0,10
2026-03-19,000725.XSHE,IDLE,1,1,0,0,0.0,0.0,0.0,0.0,0.0,0,0,0,0
2026-03-19,600600.XSHG,IDLE,1,1,0,0,0.0,0.0,0.0,0.0,0.0,0,0,0,0
2026-03-19,600059.XSHG,IDLE,1,1,0,1,0.0,0.0,0.0,0.0,0.0,0,0,0,0
2026-03-19,600887.XSHG,DAY1_PLUS_ACTIVE,1,1,0,1,2666.0,2666.0,0.0,0.0,2666.0,900,0,0,7
2026-03-19,000895.XSHE,IDLE,1,1,0,0,0.0,0.0,0.0,0.0,0.0,0,0,0,0
2026-03-19,600315.XSHG,DAY1_PLUS_ACTIVE,0,0,0,1,0.0,0.0,0.0,0.0,0.0,900,0,0,4
2026-03-19,601888.XSHG,IDLE,1,1,0,1,0.0,0.0,0.0,0.0,0.0,0,0,0,0
2026-03-19,600138.XSHG,DAY1_PLUS_ACTIVE,1,1,1,1,0.0,0.0,0.0,0.0,0.0,500,0,0,4
2026-03-19,002033.XSHE,IDLE,1,1,0,0,0.0,0.0,0.0,0.0,0.0,0,0,0,0
2026-03-19,000069.XSHE,DAY1_PLUS_ACTIVE,1,1,1,1,8448.0,8448.0,0.0,0.0,8448.0,3600,0,0,1
2026-03-19,600535.XSHG,IDLE,1,1,0,0,0.0,0.0,0.0,0.0,0.0,0,0,0,0
2026-03-19,000423.XSHE,IDLE,1,1,0,0,0.0,0.0,0.0,0.0,0.0,0,0,0,0
2026-03-19,600436.XSHG,IDLE,1,1,1,1,0.0,0.0,0.0,0.0,0.0,0,0,0,0
2026-03-19,000538.XSHE,IDLE,1,1,0,0,0.0,0.0,0.0,0.0,0.0,0,0,0,0
2026-03-19,600085.XSHG,DAY1_PLUS_ACTIVE,1,1,1,1,0.0,0.0,0.0,0.0,0.0,300,0,0,3
2026-03-19,600332.XSHG,IDLE,1,1,0,1,0.0,0.0,0.0,0.0,0.0,0,0,0,0
2026-03-19,600276.XSHG,IDLE,1,1,0,1,0.0,0.0,0.0,0.0,0.0,0,0,0,0
2026-03-19,600161.XSHG,DAY1_PLUS_ACTIVE,1,1,1,1,4743.0,4743.0,0.0,0.0,4743.0,1200,0,0,7
2026-03-19,300122.XSHE,DAY1_PLUS_ACTIVE,1,1,1,1,3183.0,3183.0,0.0,0.0,3183.0,2100,0,0,13
2026-03-19,300142.XSHE,DAY1_PLUS_ACTIVE,1,1,0,0,0.0,0.0,0.0,0.0,0.0,900,0,0,5
2026-03-19,600111.XSHG,IDLE,0,0,0,0,0.0,0.0,0.0,0.0,0.0,0,0,0,0
2026-03-19,600456.XSHG,IDLE,1,1,0,0,0.0,0.0,0.0,0.0,0.0,0,0,0,0
2026-03-19,601088.XSHG,IDLE,1,1,0,0,0.0,0.0,0.0,0.0,0.0,0,0,0,0
2026-03-19,601318.XSHG,IDLE,1,1,0,0,0.0,0.0,0.0,0.0,0.0,0,0,0,0
2026-03-19,600030.XSHG,DAY1_PLUS_ACTIVE,1,1,1,1,2556.0,2556.0,0.0,0.0,2556.0,800,0,0,8
2026-03-19,600036.XSHG,IDLE,1,1,0,0,0.0,0.0,0.0,0.0,0.0,0,0,0,0
2026-03-19,600016.XSHG,DAY1_PLUS_ACTIVE,1,1,0,1,1556.0,1556.0,0.0,0.0,1556.0,2000,0,0,6
2026-03-19,600000.XSHG,DAY1_PLUS_ACTIVE,1,1,0,1,3088.0,3088.0,0.0,0.0,3088.0,2200,0,0,11
2026-03-20,000725.XSHE,IDLE,1,1,0,0,0.0,0.0,0.0,0.0,0.0,0,0,0,0
2026-03-20,600600.XSHG,IDLE,1,1,0,0,0.0,0.0,0.0,0.0,0.0,0,0,0,0
2026-03-20,600059.XSHG,DAY1_PLUS_ACTIVE,1,1,1,1,909.0,909.0,0.0,0.0,909.0,100,0,0,1
2026-03-20,600887.XSHG,DAY1_PLUS_ACTIVE,1,1,0,1,2654.0,2654.0,0.0,0.0,2654.0,900,0,0,7
2026-03-20,000895.XSHE,IDLE,1,1,0,0,0.0,0.0,0.0,0.0,0.0,0,0,0,0
2026-03-20,600315.XSHG,DAY1_PLUS_ACTIVE,0,0,0,1,0.0,0.0,0.0,0.0,0.0,700,0,0,4
2026-03-20,601888.XSHG,IDLE,1,1,0,1,0.0,0.0,0.0,0.0,0.0,0,0,0,0
2026-03-20,600138.XSHG,DAY1_PLUS_ACTIVE,1,1,1,1,930.0000000000001,930.0000000000001,0.0,0.0,930.0000000000001,600,0,0,5
2026-03-20,002033.XSHE,IDLE,1,1,0,0,0.0,0.0,0.0,0.0,0.0,0,0,0,0
2026-03-20,000069.XSHE,DAY1_PLUS_ACTIVE,1,1,1,1,8591.0,8591.0,0.0,0.0,8591.0,7300,0,0,2
2026-03-20,600535.XSHG,IDLE,1,1,0,0,0.0,0.0,0.0,0.0,0.0,0,0,0,0
2026-03-20,000423.XSHE,IDLE,1,1,0,0,0.0,0.0,0.0,0.0,0.0,0,0,0,0
2026-03-20,600436.XSHG,IDLE,1,1,1,1,0.0,0.0,0.0,0.0,0.0,0,0,0,0
2026-03-20,000538.XSHE,IDLE,1,1,0,0,0.0,0.0,0.0,0.0,0.0,0,0,0,0
2026-03-20,600085.XSHG,DAY1_PLUS_ACTIVE,1,1,1,1,0.0,0.0,0.0,0.0,0.0,300,0,0,3
2026-03-20,600332.XSHG,DAY1_PLUS_ACTIVE,1,1,1,1,5053.0,5053.0,0.0,0.0,5053.0,200,0,0,1
2026-03-20,600276.XSHG,IDLE,1,1,0,1,0.0,0.0,0.0,0.0,0.0,0,0,0,0
2026-03-20,600161.XSHG,DAY1_PLUS_ACTIVE,1,1,1,1,1571.0,1571.0,0.0,0.0,1571.0,1200,0,0,7
2026-03-20,300122.XSHE,DAY1_PLUS_ACTIVE,1,1,1,1,7908.0,7908.0,0.0,0.0,7908.0,2500,0,0,14
2026-03-20,300142.XSHE,DAY1_PLUS_ACTIVE,1,1,0,0,0.0,0.0,0.0,0.0,0.0,900,0,0,5
2026-03-20,600111.XSHG,IDLE,0,0,0,0,0.0,0.0,0.0,0.0,0.0,0,0,0,0
2026-03-20,600456.XSHG,IDLE,1,1,0,1,0.0,0.0,0.0,0.0,0.0,0,0,0,0
2026-03-20,601088.XSHG,IDLE,1,1,0,0,0.0,0.0,0.0,0.0,0.0,0,0,0,0
2026-03-20,601318.XSHG,IDLE,1,1,0,0,0.0,0.0,0.0,0.0,0.0,0,0,0,0
2026-03-20,600030.XSHG,DAY1_PLUS_ACTIVE,1,1,1,1,2545.0,2545.0,0.0,0.0,2545.0,900,0,0,9
2026-03-20,600036.XSHG,IDLE,1,1,0,0,0.0,0.0,0.0,0.0,0.0,0,0,0,0
2026-03-20,600016.XSHG,DAY1_PLUS_ACTIVE,1,1,0,1,1542.0,1542.0,0.0,0.0,1542.0,2200,0,0,7
2026-03-20,600000.XSHG,DAY1_PLUS_ACTIVE,1,1,0,1,2075.0,2075.0,0.0,0.0,2075.0,2100,0,0,12
2026-03-23,000725.XSHE,IDLE,0,0,0,0,0.0,0.0,0.0,0.0,0.0,0,0,0,0
2026-03-23,600600.XSHG,IDLE,1,1,0,1,0.0,0.0,0.0,0.0,0.0,0,0,0,0
2026-03-23,600059.XSHG,DAY1_PLUS_ACTIVE,1,1,1,1,3475.0,3475.0,0.0,0.0,3475.0,500,0,0,2
2026-03-23,600887.XSHG,DAY1_PLUS_ACTIVE,1,1,0,1,2581.0,2581.0,0.0,0.0,2581.0,900,0,0,7
2026-03-23,000895.XSHE,IDLE,1,1,0,0,0.0,0.0,0.0,0.0,0.0,0,0,0,0
2026-03-23,600315.XSHG,DAY1_PLUS_ACTIVE,0,0,0,1,0.0,0.0,0.0,0.0,0.0,700,0,0,4
2026-03-23,601888.XSHG,IDLE,1,1,0,1,0.0,0.0,0.0,0.0,0.0,0,0,0,0
2026-03-23,600138.XSHG,DAY1_PLUS_ACTIVE,1,1,1,1,3586.0,3586.0,0.0,0.0,3586.0,1000,0,0,6
2026-03-23,002033.XSHE,IDLE,0,0,0,0,0.0,0.0,0.0,0.0,0.0,0,0,0,0
2026-03-23,000069.XSHE,DAY1_PLUS_ACTIVE,0,0,1,1,3564.0,3564.0,0.0,0.0,3564.0,8900,0,0,3
2026-03-23,600535.XSHG,IDLE,1,1,0,0,0.0,0.0,0.0,0.0,0.0,0,0,0,0
2026-03-23,000423.XSHE,IDLE,1,1,0,0,0.0,0.0,0.0,0.0,0.0,0,0,0,0
2026-03-23,600436.XSHG,IDLE,1,1,1,1,0.0,0.0,0.0,0.0,0.0,0,0,0,0
2026-03-23,000538.XSHE,IDLE,1,1,0,0,0.0,0.0,0.0,0.0,0.0,0,0,0,0
2026-03-23,600085.XSHG,DAY1_PLUS_ACTIVE,1,1,1,1,2901.0,2901.0,0.0,0.0,2901.0,400,0,0,4
2026-03-23,600332.XSHG,DAY1_PLUS_ACTIVE,0,0,1,1,0.0,0.0,0.0,0.0,0.0,200,0,0,1
2026-03-23,600276.XSHG,IDLE,1,1,1,1,0.0,0.0,0.0,0.0,0.0,0,0,0,0
2026-03-23,600161.XSHG,DAY1_PLUS_ACTIVE,0,0,1,1,2993.0,2993.0,0.0,0.0,2993.0,1400,0,0,8
2026-03-23,300122.XSHE,DAY1_PLUS_ACTIVE,0,0,1,1,9032.0,9032.0,0.0,0.0,9032.0,3100,0,0,15
2026-03-23,300142.XSHE,DAY1_PLUS_ACTIVE,0,0,0,0,0.0,0.0,0.0,0.0,0.0,900,0,0,5
2026-03-23,600111.XSHG,IDLE,0,0,0,0,0.0,0.0,0.0,0.0,0.0,0,0,0,0
2026-03-23,600456.XSHG,IDLE,0,0,0,1,0.0,0.0,0.0,0.0,0.0,0,0,0,0
2026-03-23,601088.XSHG,IDLE,1,1,0,0,0.0,0.0,0.0,0.0,0.0,0,0,0,0
2026-03-23,601318.XSHG,IDLE,1,1,0,1,0.0,0.0,0.0,0.0,0.0,0,0,0,0
2026-03-23,600030.XSHG,DAY1_PLUS_ACTIVE,1,1,1,1,7397.0,7397.0,0.0,0.0,7397.0,1200,0,0,10
2026-03-23,600036.XSHG,IDLE,1,1,0,0,0.0,0.0,0.0,0.0,0.0,0,0,0,0
2026-03-23,600016.XSHG,DAY1_PLUS_ACTIVE,1,1,0,1,750.0,750.0,0.0,0.0,750.0,2400,0,0,8
2026-03-23,600000.XSHG,DAY1_PLUS_ACTIVE,1,1,0,1,5000.0,5000.0,0.0,0.0,5000.0,2500,0,0,13
2026-03-24,000725.XSHE,IDLE,0,0,1,1,0.0,0.0,0.0,0.0,0.0,0,0,0,0
2026-03-24,600600.XSHG,IDLE,1,1,1,1,0.0,0.0,0.0,0.0,0.0,0,0,0,0
2026-03-24,600059.XSHG,DAY1_PLUS_ACTIVE,1,1,1,1,1730.0,1730.0,0.0,0.0,1730.0,700,0,0,3
2026-03-24,600887.XSHG,DAY1_PLUS_ACTIVE,1,1,1,1,5106.0,5106.0,0.0,0.0,5106.0,1100,0,0,8
2026-03-24,000895.XSHE,IDLE,1,1,0,0,0.0,0.0,0.0,0.0,0.0,0,0,0,0
2026-03-24,600315.XSHG,DAY1_PLUS_ACTIVE,0,0,1,1,0.0,0.0,0.0,0.0,0.0,700,0,0,4
2026-03-24,601888.XSHG,IDLE,1,1,1,1,0.0,0.0,0.0,0.0,0.0,0,0,0,0
2026-03-24,600138.XSHG,DAY1_PLUS_ACTIVE,1,1,1,1,1792.0,1792.0000000000002,0.0,0.0,1792.0000000000002,1200,0,0,7
2026-03-24,002033.XSHE,IDLE,0,0,1,1,0.0,0.0,0.0,0.0,0.0,0,0,0,0
2026-03-24,000069.XSHE,DAY1_PLUS_ACTIVE,0,0,1,1,0.0,0.0,0.0,0.0,0.0,8900,0,0,3
2026-03-24,600535.XSHG,DAY1_PLUS_ACTIVE,1,1,1,1,2722.0,2722.0,0.0,0.0,2722.0,200,0,0,1
2026-03-24,000423.XSHE,IDLE,1,1,0,0,0.0,0.0,0.0,0.0,0.0,0,0,0,0
2026-03-24,600436.XSHG,IDLE,1,1,1,1,0.0,0.0,0.0,0.0,0.0,0,0,0,0
2026-03-24,000538.XSHE,IDLE,1,1,1,1,0.0,0.0,0.0,0.0,0.0,0,0,0,0
2026-03-24,600085.XSHG,DAY1_PLUS_ACTIVE,1,1,1,1,2867.0,2867.0,0.0,0.0,2867.0,500,0,0,5
2026-03-24,600332.XSHG,DAY1_PLUS_ACTIVE,0,0,1,1,0.0,0.0,0.0,0.0,0.0,200,0,0,1
2026-03-24,600276.XSHG,IDLE,1,1,1,1,0.0,0.0,0.0,0.0,0.0,0,0,0,0
2026-03-24,600161.XSHG,DAY1_PLUS_ACTIVE,0,0,1,1,0.0,0.0,0.0,0.0,0.0,1400,0,0,8
2026-03-24,300122.XSHE,DAY1_PLUS_ACTIVE,0,0,1,1,0.0,0.0,0.0,0.0,0.0,3100,0,0,15
2026-03-24,300142.XSHE,DAY1_PLUS_ACTIVE,0,0,0,1,0.0,0.0,0.0,0.0,0.0,800,0,0,4
2026-03-24,600111.XSHG,IDLE,0,0,0,0,0.0,0.0,0.0,0.0,0.0,0,0,0,0
2026-03-24,600456.XSHG,IDLE,0,0,1,1,0.0,0.0,0.0,0.0,0.0,0,0,0,0
2026-03-24,601088.XSHG,IDLE,1,1,0,0,0.0,0.0,0.0,0.0,0.0,0,0,0,0
2026-03-24,601318.XSHG,IDLE,1,1,0,1,0.0,0.0,0.0,0.0,0.0,0,0,0,0
2026-03-24,600030.XSHG,DAY1_PLUS_ACTIVE,1,1,1,1,4876.0,4876.0,0.0,0.0,4876.0,1400,0,0,11
2026-03-24,600036.XSHG,IDLE,1,1,0,1,0.0,0.0,0.0,0.0,0.0,0,0,0,0
2026-03-24,600016.XSHG,DAY1_PLUS_ACTIVE,1,1,1,1,1496.0,1496.0,0.0,0.0,1496.0,2800,0,0,9
2026-03-24,600000.XSHG,DAY1_PLUS_ACTIVE,1,1,1,1,1999.0,1998.9999999999998,0.0,0.0,1998.9999999999998,2600,0,0,14
2026-03-25,000725.XSHE,IDLE,0,0,0,1,0.0,0.0,0.0,0.0,0.0,0,0,0,0
2026-03-25,600600.XSHG,IDLE,1,1,0,1,0.0,0.0,0.0,0.0,0.0,0,0,0,0
2026-03-25,600059.XSHG,DAY1_PLUS_ACTIVE,1,1,1,1,878.9999999999999,878.9999999999999,0.0,0.0,878.9999999999999,800,0,0,4
2026-03-25,600887.XSHG,DAY1_PLUS_ACTIVE,1,1,1,1,0.0,0.0,0.0,0.0,0.0,1100,0,0,8
2026-03-25,000895.XSHE,IDLE,1,1,0,0,0.0,0.0,0.0,0.0,0.0,0,0,0,0
2026-03-25,600315.XSHG,DAY1_PLUS_ACTIVE,0,0,0,1,0.0,0.0,0.0,0.0,0.0,700,0,0,4
2026-03-25,601888.XSHG,IDLE,1,1,1,1,0.0,0.0,0.0,0.0,0.0,0,0,0,0
2026-03-25,600138.XSHG,DAY1_PLUS_ACTIVE,1,1,1,1,1834.0,1834.0,0.0,0.0,1834.0,1400,0,0,8
2026-03-25,002033.XSHE,IDLE,0,0,0,1,0.0,0.0,0.0,0.0,0.0,0,0,0,0
2026-03-25,000069.XSHE,DAY1_PLUS_ACTIVE,0,0,1,1,0.0,0.0,0.0,0.0,0.0,8900,0,0,3
2026-03-25,600535.XSHG,DAY1_PLUS_ACTIVE,1,1,0,0,0.0,0.0,0.0,0.0,0.0,200,0,0,1
2026-03-25,000423.XSHE,IDLE,1,1,0,0,0.0,0.0,0.0,0.0,0.0,0,0,0,0
2026-03-25,600436.XSHG,IDLE,1,1,1,1,0.0,0.0,0.0,0.0,0.0,0,0,0,0
2026-03-25,000538.XSHE,IDLE,1,1,0,1,0.0,0.0,0.0,0.0,0.0,0,0,0,0
2026-03-25,600085.XSHG,DAY1_PLUS_ACTIVE,1,1,1,1,0.0,0.0,0.0,0.0,0.0,500,0,0,5
2026-03-25,600332.XSHG,DAY1_PLUS_ACTIVE,0,0,1,1,0.0,0.0,0.0,0.0,0.0,200,0,0,1
2026-03-25,600276.XSHG,IDLE,1,1,1,1,0.0,0.0,0.0,0.0,0.0,0,0,0,0
2026-03-25,600161.XSHG,DAY1_PLUS_ACTIVE,0,0,1,1,0.0,0.0,0.0,0.0,0.0,1400,0,0,8
2026-03-25,300122.XSHE,DAY1_PLUS_ACTIVE,0,0,1,1,0.0,0.0,0.0,0.0,0.0,3100,0,0,15
2026-03-25,300142.XSHE,DAY1_PLUS_ACTIVE,0,0,0,1,0.0,0.0,0.0,0.0,0.0,800,0,0,4
2026-03-25,600111.XSHG,IDLE,0,0,0,0,0.0,0.0,0.0,0.0,0.0,0,0,0,0
2026-03-25,600456.XSHG,IDLE,0,0,1,1,0.0,0.0,0.0,0.0,0.0,0,0,0,0
2026-03-25,601088.XSHG,IDLE,1,1,0,0,0.0,0.0,0.0,0.0,0.0,0,0,0,0
2026-03-25,601318.XSHG,IDLE,1,1,0,1,0.0,0.0,0.0,0.0,0.0,0,0,0,0
2026-03-25,600030.XSHG,DAY1_PLUS_ACTIVE,1,1,1,1,4927.0,4927.0,0.0,0.0,4927.0,1600,0,0,12
2026-03-25,600036.XSHG,IDLE,1,1,0,1,0.0,0.0,0.0,0.0,0.0,0,0,0,0
2026-03-25,600016.XSHG,DAY1_PLUS_ACTIVE,1,1,0,1,0.0,0.0,0.0,0.0,0.0,2500,0,0,9
2026-03-25,600000.XSHG,DAY1_PLUS_ACTIVE,1,1,1,1,0.0,0.0,0.0,0.0,0.0,2600,0,0,14
2026-03-26,000725.XSHE,IDLE,0,0,0,1,0.0,0.0,0.0,0.0,0.0,0,0,0,0
2026-03-26,600600.XSHG,IDLE,1,1,0,0,0.0,0.0,0.0,0.0,0.0,0,0,0,0
2026-03-26,600059.XSHG,DAY1_PLUS_ACTIVE,1,1,1,1,883.0,883.0,0.0,0.0,883.0,900,0,0,5
2026-03-26,600887.XSHG,DAY1_PLUS_ACTIVE,1,1,1,1,2608.0,2608.0,0.0,0.0,2608.0,1200,0,0,9
2026-03-26,000895.XSHE,IDLE,1,1,0,0,0.0,0.0,0.0,0.0,0.0,0,0,0,0
2026-03-26,600315.XSHG,DAY1_PLUS_ACTIVE,0,0,0,1,0.0,0.0,0.0,0.0,0.0,700,0,0,4
2026-03-26,601888.XSHG,IDLE,1,1,0,1,0.0,0.0,0.0,0.0,0.0,0,0,0,0
2026-03-26,600138.XSHG,DAY1_PLUS_ACTIVE,1,1,0,1,917.0,917.0,0.0,0.0,917.0,1500,0,0,9
2026-03-26,002033.XSHE,IDLE,0,0,0,0,0.0,0.0,0.0,0.0,0.0,0,0,0,0
2026-03-26,000069.XSHE,DAY1_PLUS_ACTIVE,0,0,1,1,0.0,0.0,0.0,0.0,0.0,8900,0,0,3
2026-03-26,600535.XSHG,DAY1_PLUS_ACTIVE,1,1,0,0,0.0,0.0,0.0,0.0,0.0,200,0,0,1
2026-03-26,000423.XSHE,IDLE,1,1,0,0,0.0,0.0,0.0,0.0,0.0,0,0,0,0
2026-03-26,600436.XSHG,IDLE,1,1,1,1,0.0,0.0,0.0,0.0,0.0,0,0,0,0
2026-03-26,000538.XSHE,IDLE,1,1,1,1,0.0,0.0,0.0,0.0,0.0,0,0,0,0
2026-03-26,600085.XSHG,DAY1_PLUS_ACTIVE,1,1,1,1,2864.0,2864.0,0.0,0.0,2864.0,600,0,0,6
2026-03-26,600332.XSHG,DAY1_PLUS_ACTIVE,0,0,1,1,0.0,0.0,0.0,0.0,0.0,200,0,0,1
2026-03-26,600276.XSHG,IDLE,1,1,1,1,0.0,0.0,0.0,0.0,0.0,0,0,0,0
2026-03-26,600161.XSHG,DAY1_PLUS_ACTIVE,0,0,1,1,0.0,0.0,0.0,0.0,0.0,1400,0,0,8
2026-03-26,300122.XSHE,DAY1_PLUS_ACTIVE,0,0,1,1,0.0,0.0,0.0,0.0,0.0,3100,0,0,15
2026-03-26,300142.XSHE,DAY1_PLUS_ACTIVE,0,0,0,1,0.0,0.0,0.0,0.0,0.0,800,0,0,4
2026-03-26,600111.XSHG,IDLE,0,0,0,0,0.0,0.0,0.0,0.0,0.0,0,0,0,0
2026-03-26,600456.XSHG,IDLE,0,0,0,1,0.0,0.0,0.0,0.0,0.0,0,0,0,0
2026-03-26,601088.XSHG,IDLE,1,1,0,0,0.0,0.0,0.0,0.0,0.0,0,0,0,0
2026-03-26,601318.XSHG,IDLE,1,1,0,1,0.0,0.0,0.0,0.0,0.0,0,0,0,0
2026-03-26,600030.XSHG,DAY1_PLUS_ACTIVE,1,1,1,1,0.0,0.0,0.0,0.0,0.0,1600,0,0,12
2026-03-26,600036.XSHG,IDLE,1,1,0,0,0.0,0.0,0.0,0.0,0.0,0,0,0,0
2026-03-26,600016.XSHG,DAY1_PLUS_ACTIVE,1,1,0,0,0.0,0.0,0.0,0.0,0.0,2500,0,0,9
2026-03-26,600000.XSHG,DAY1_PLUS_ACTIVE,1,1,0,1,2016.0,2016.0,0.0,0.0,2016.0,2800,0,0,15
2026-03-27,000725.XSHE,IDLE,0,0,0,1,0.0,0.0,0.0,0.0,0.0,0,0,0,0
2026-03-27,600600.XSHG,IDLE,1,1,0,1,0.0,0.0,0.0,0.0,0.0,0,0,0,0
2026-03-27,600059.XSHG,DAY1_PLUS_ACTIVE,1,1,1,1,1760.9999999999998,1761.0,0.0,0.0,1761.0,1100,0,0,6
2026-03-27,600887.XSHG,DAY1_PLUS_ACTIVE,1,1,1,1,2596.0,2596.0,0.0,0.0,2596.0,1300,0,0,10
2026-03-27,000895.XSHE,IDLE,1,1,0,0,0.0,0.0,0.0,0.0,0.0,0,0,0,0
2026-03-27,600315.XSHG,DAY1_PLUS_ACTIVE,0,0,1,1,0.0,0.0,0.0,0.0,0.0,700,0,0,4
2026-03-27,601888.XSHG,IDLE,1,1,1,1,0.0,0.0,0.0,0.0,0.0,0,0,0,0
2026-03-27,600138.XSHG,DAY1_PLUS_ACTIVE,1,1,1,1,1823.9999999999995,1823.9999999999998,0.0,0.0,1823.9999999999998,1700,0,0,10
2026-03-27,002033.XSHE,IDLE,0,0,0,0,0.0,0.0,0.0,0.0,0.0,0,0,0,0
2026-03-27,000069.XSHE,DAY1_PLUS_ACTIVE,0,0,1,1,0.0,0.0,0.0,0.0,0.0,8900,0,0,3
2026-03-27,600535.XSHG,DAY1_PLUS_ACTIVE,1,1,0,0,0.0,0.0,0.0,0.0,0.0,200,0,0,1
2026-03-27,000423.XSHE,IDLE,1,1,0,0,0.0,0.0,0.0,0.0,0.0,0,0,0,0
2026-03-27,600436.XSHG,IDLE,1,1,1,1,0.0,0.0,0.0,0.0,0.0,0,0,0,0
2026-03-27,000538.XSHE,IDLE,1,1,1,1,0.0,0.0,0.0,0.0,0.0,0,0,0,0
2026-03-27,600085.XSHG,DAY1_PLUS_ACTIVE,1,1,1,1,0.0,0.0,0.0,0.0,0.0,600,0,0,6
2026-03-27,600332.XSHG,DAY1_PLUS_ACTIVE,0,0,1,1,0.0,0.0,0.0,0.0,0.0,200,0,0,1
2026-03-27,600276.XSHG,IDLE,1,1,1,1,0.0,0.0,0.0,0.0,0.0,0,0,0,0
2026-03-27,600161.XSHG,DAY1_PLUS_ACTIVE,0,0,1,1,0.0,0.0,0.0,0.0,0.0,1400,0,0,8
2026-03-27,300122.XSHE,DAY1_PLUS_ACTIVE,0,0,1,1,0.0,0.0,0.0,0.0,0.0,3100,0,0,15
2026-03-27,300142.XSHE,DAY1_PLUS_ACTIVE,0,0,0,1,0.0,0.0,0.0,0.0,0.0,800,0,0,4
2026-03-27,600111.XSHG,IDLE,0,0,0,0,0.0,0.0,0.0,0.0,0.0,0,0,0,0
2026-03-27,600456.XSHG,IDLE,0,0,0,1,0.0,0.0,0.0,0.0,0.0,0,0,0,0
2026-03-27,601088.XSHG,IDLE,1,1,0,0,0.0,0.0,0.0,0.0,0.0,0,0,0,0
2026-03-27,601318.XSHG,IDLE,1,1,1,1,0.0,0.0,0.0,0.0,0.0,0,0,0,0
2026-03-27,600030.XSHG,DAY1_PLUS_ACTIVE,1,1,1,1,4840.0,4840.0,0.0,0.0,4840.0,1800,0,0,13
2026-03-27,600036.XSHG,IDLE,1,1,0,0,0.0,0.0,0.0,0.0,0.0,0,0,0,0
2026-03-27,600016.XSHG,DAY1_PLUS_ACTIVE,1,1,0,1,2296.0,2296.0,0.0,0.0,2296.0,3100,0,0,10
2026-03-27,600000.XSHG,DAY1_PLUS_ACTIVE,1,1,0,1,1005.0000000000001,1005.0000000000001,0.0,0.0,1005.0000000000001,2900,0,0,16
