datetime,datetime,trading_datetime,order_book_id,symbol,side,position_effect,exec_id,tax,commission,last_quantity,last_price,order_id,transaction_cost
2026-03-03 09:40:00,2026-03-03 09:40:00,2026-03-03 09:40:00,600315.XSHG,上海家化,BUY,OPEN,17755077630000,0.0,5,100,21.84,17755077630000,5.0
2026-03-03 09:54:00,2026-03-03 09:54:00,2026-03-03 09:54:00,600887.XSHG,伊利股份,BUY,OPEN,17755077630001,0.0,5,100,25.95,17755077630001,5.0
2026-03-03 09:59:00,2026-03-03 09:59:00,2026-03-03 09:59:00,600000.XSHG,浦发银行,BUY,OPEN,17755077630002,0.0,5,100,9.64,17755077630002,5.0
2026-03-03 10:00:00,2026-03-03 10:00:00,2026-03-03 10:00:00,300122.XSHE,智飞生物,BUY,OPEN,17755077630003,0.0,5,100,16.37,17755077630003,5.0
2026-03-03 10:18:00,2026-03-03 10:18:00,2026-03-03 10:18:00,600085.XSHG,同仁堂,BUY,OPEN,17755077630004,0.0,5,100,30.39,17755077630004,5.0
2026-03-03 13:02:00,2026-03-03 13:02:00,2026-03-03 13:02:00,600315.XSHG,上海家化,BUY,OPEN,17755077630005,0.0,5,100,21.3,17755077630005,5.0
2026-03-03 13:03:00,2026-03-03 13:03:00,2026-03-03 13:03:00,300122.XSHE,智飞生物,BUY,OPEN,17755077630006,0.0,5,100,16.22,17755077630006,5.0
2026-03-03 13:18:00,2026-03-03 13:18:00,2026-03-03 13:18:00,600315.XSHG,上海家化,BUY,OPEN,17755077630007,0.0,5,100,21.32,17755077630007,5.0
2026-03-03 13:22:00,2026-03-03 13:22:00,2026-03-03 13:22:00,600000.XSHG,浦发银行,BUY,OPEN,17755077630008,0.0,5,100,9.76,17755077630008,5.0
2026-03-03 13:22:00,2026-03-03 13:22:00,2026-03-03 13:22:00,600085.XSHG,同仁堂,BUY,OPEN,17755077630009,0.0,5,100,30.52,17755077630009,5.0
2026-03-03 13:22:00,2026-03-03 13:22:00,2026-03-03 13:22:00,600887.XSHG,伊利股份,BUY,OPEN,17755077630010,0.0,5,100,26.1,17755077630010,5.0
2026-03-03 13:23:00,2026-03-03 13:23:00,2026-03-03 13:23:00,600161.XSHG,天坛生物,BUY,OPEN,17755077630011,0.0,5,100,16.15,17755077630011,5.0
2026-03-04 09:39:00,2026-03-04 09:39:00,2026-03-04 09:39:00,300142.XSHE,沃森生物,BUY,OPEN,17755077630012,0.0,5,100,11.38,17755077630012,5.0
2026-03-04 09:42:00,2026-03-04 09:42:00,2026-03-04 09:42:00,600161.XSHG,天坛生物,BUY,OPEN,17755077630013,0.0,5,100,15.76,17755077630013,5.0
2026-03-04 09:42:00,2026-03-04 09:42:00,2026-03-04 09:42:00,600315.XSHG,上海家化,BUY,OPEN,17755077630014,0.0,5,100,21.15,17755077630014,5.0
2026-03-04 09:43:00,2026-03-04 09:43:00,2026-03-04 09:43:00,600000.XSHG,浦发银行,BUY,OPEN,17755077630015,0.0,5,100,9.53,17755077630015,5.0
2026-03-04 09:47:00,2026-03-04 09:47:00,2026-03-04 09:47:00,600138.XSHG,中青旅,BUY,OPEN,17755077630016,0.0,5,100,9.44,17755077630016,5.0
2026-03-04 09:49:00,2026-03-04 09:49:00,2026-03-04 09:49:00,300142.XSHE,沃森生物,BUY,OPEN,17755077630017,0.0,5,100,11.42,17755077630017,5.0
2026-03-04 09:53:00,2026-03-04 09:53:00,2026-03-04 09:53:00,600315.XSHG,上海家化,BUY,OPEN,17755077630018,0.0,5,100,21.16,17755077630018,5.0
2026-03-04 10:02:00,2026-03-04 10:02:00,2026-03-04 10:02:00,300142.XSHE,沃森生物,BUY,OPEN,17755077630019,0.0,5,100,11.42,17755077630019,5.0
2026-03-04 10:08:00,2026-03-04 10:08:00,2026-03-04 10:08:00,600887.XSHG,伊利股份,BUY,OPEN,17755077630020,0.0,5,100,25.67,17755077630020,5.0
2026-03-04 10:14:00,2026-03-04 10:14:00,2026-03-04 10:14:00,300122.XSHE,智飞生物,BUY,OPEN,17755077630021,0.0,5,100,15.87,17755077630021,5.0
2026-03-04 10:23:00,2026-03-04 10:23:00,2026-03-04 10:23:00,300142.XSHE,沃森生物,BUY,OPEN,17755077630022,0.0,5,100,11.4,17755077630022,5.0
2026-03-04 13:07:00,2026-03-04 13:07:00,2026-03-04 13:07:00,300142.XSHE,沃森生物,BUY,OPEN,17755077630023,0.0,5,100,11.26,17755077630023,5.0
2026-03-04 13:09:00,2026-03-04 13:09:00,2026-03-04 13:09:00,600000.XSHG,浦发银行,BUY,OPEN,17755077630024,0.0,5,100,9.5,17755077630024,5.0
2026-03-04 13:27:00,2026-03-04 13:27:00,2026-03-04 13:27:00,600000.XSHG,浦发银行,BUY,OPEN,17755077630025,0.0,5,100,9.58,17755077630025,5.0
2026-03-04 13:38:00,2026-03-04 13:38:00,2026-03-04 13:38:00,300142.XSHE,沃森生物,BUY,OPEN,17755077630026,0.0,5,100,11.32,17755077630026,5.0
2026-03-04 13:47:00,2026-03-04 13:47:00,2026-03-04 13:47:00,300142.XSHE,沃森生物,BUY,OPEN,17755077630027,0.0,5,100,11.33,17755077630027,5.0
2026-03-04 14:07:00,2026-03-04 14:07:00,2026-03-04 14:07:00,300142.XSHE,沃森生物,BUY,OPEN,17755077630028,0.0,5,100,11.33,17755077630028,5.0
2026-03-04 14:12:00,2026-03-04 14:12:00,2026-03-04 14:12:00,300122.XSHE,智飞生物,BUY,OPEN,17755077630029,0.0,5,100,15.64,17755077630029,5.0
2026-03-04 14:12:00,2026-03-04 14:12:00,2026-03-04 14:12:00,600315.XSHG,上海家化,BUY,OPEN,17755077630030,0.0,5,100,20.71,17755077630030,5.0
2026-03-05 09:38:00,2026-03-05 09:38:00,2026-03-05 09:38:00,300122.XSHE,智飞生物,BUY,OPEN,17755077630031,0.0,5,100,15.73,17755077630031,5.0
2026-03-05 09:39:00,2026-03-05 09:39:00,2026-03-05 09:39:00,300142.XSHE,沃森生物,BUY,OPEN,17755077630032,0.0,5,100,11.47,17755077630032,5.0
2026-03-05 09:45:00,2026-03-05 09:45:00,2026-03-05 09:45:00,600887.XSHG,伊利股份,BUY,OPEN,17755077630033,0.0,5,100,25.88,17755077630033,5.0
2026-03-05 09:47:00,2026-03-05 09:47:00,2026-03-05 09:47:00,600030.XSHG,中信证券,BUY,OPEN,17755077630034,0.0,5,100,26.28,17755077630034,5.0
2026-03-05 09:52:00,2026-03-05 09:52:00,2026-03-05 09:52:00,600085.XSHG,同仁堂,BUY,OPEN,17755077630035,0.0,5,100,29.81,17755077630035,5.0
2026-03-05 09:54:00,2026-03-05 09:54:00,2026-03-05 09:54:00,600315.XSHG,上海家化,BUY,OPEN,17755077630036,0.0,5,100,20.74,17755077630036,5.0
2026-03-05 10:03:00,2026-03-05 10:03:00,2026-03-05 10:03:00,600016.XSHG,民生银行,BUY,OPEN,17755077630037,0.0,5,200,3.84,17755077630037,5.0
2026-03-05 10:04:00,2026-03-05 10:04:00,2026-03-05 10:04:00,600138.XSHG,中青旅,BUY,OPEN,17755077630038,0.0,5,100,9.41,17755077630038,5.0
2026-03-05 10:12:00,2026-03-05 10:12:00,2026-03-05 10:12:00,600000.XSHG,浦发银行,BUY,OPEN,17755077630039,0.0,5,100,9.62,17755077630039,5.0
2026-03-05 10:38:00,2026-03-05 10:38:00,2026-03-05 10:38:00,600016.XSHG,民生银行,BUY,OPEN,17755077630040,0.0,5,200,3.84,17755077630040,5.0
2026-03-05 10:44:00,2026-03-05 10:44:00,2026-03-05 10:44:00,600000.XSHG,浦发银行,BUY,OPEN,17755077630041,0.0,5,100,9.67,17755077630041,5.0
2026-03-05 11:23:00,2026-03-05 11:23:00,2026-03-05 11:23:00,600000.XSHG,浦发银行,BUY,OPEN,17755077630042,0.0,5,100,9.71,17755077630042,5.0
2026-03-05 13:02:00,2026-03-05 13:02:00,2026-03-05 13:02:00,300142.XSHE,沃森生物,BUY,OPEN,17755077630043,0.0,5,100,11.47,17755077630043,5.0
2026-03-05 13:03:00,2026-03-05 13:03:00,2026-03-05 13:03:00,300122.XSHE,智飞生物,BUY,OPEN,17755077630044,0.0,5,100,15.75,17755077630044,5.0
2026-03-05 13:38:00,2026-03-05 13:38:00,2026-03-05 13:38:00,300122.XSHE,智飞生物,BUY,OPEN,17755077630045,0.0,5,100,15.75,17755077630045,5.0
2026-03-05 14:07:00,2026-03-05 14:07:00,2026-03-05 14:07:00,600315.XSHG,上海家化,BUY,OPEN,17755077630046,0.0,5,100,20.61,17755077630046,5.0
2026-03-05 14:11:00,2026-03-05 14:11:00,2026-03-05 14:11:00,600161.XSHG,天坛生物,BUY,OPEN,17755077630047,0.0,5,100,15.64,17755077630047,5.0
2026-03-06 09:39:00,2026-03-06 09:39:00,2026-03-06 09:39:00,300142.XSHE,沃森生物,BUY,OPEN,17755077630048,0.0,5,100,11.41,17755077630048,5.0
2026-03-06 09:40:00,2026-03-06 09:40:00,2026-03-06 09:40:00,600000.XSHG,浦发银行,BUY,OPEN,17755077630049,0.0,5,100,9.73,17755077630049,5.0
2026-03-06 09:43:00,2026-03-06 09:43:00,2026-03-06 09:43:00,300122.XSHE,智飞生物,BUY,OPEN,17755077630050,0.0,5,100,15.8,17755077630050,5.0
2026-03-06 09:44:00,2026-03-06 09:44:00,2026-03-06 09:44:00,600000.XSHG,浦发银行,BUY,OPEN,17755077630051,0.0,5,100,9.72,17755077630051,5.0
2026-03-06 09:44:00,2026-03-06 09:44:00,2026-03-06 09:44:00,300142.XSHE,沃森生物,BUY,OPEN,17755077630052,0.0,5,100,11.47,17755077630052,5.0
2026-03-06 09:44:00,2026-03-06 09:44:00,2026-03-06 09:44:00,600016.XSHG,民生银行,BUY,OPEN,17755077630053,0.0,5,200,3.84,17755077630053,5.0
2026-03-06 09:54:00,2026-03-06 09:54:00,2026-03-06 09:54:00,600000.XSHG,浦发银行,BUY,OPEN,17755077630054,0.0,5,100,9.73,17755077630054,5.0
2026-03-06 09:55:00,2026-03-06 09:55:00,2026-03-06 09:55:00,600315.XSHG,上海家化,BUY,OPEN,17755077630055,0.0,5,100,20.48,17755077630055,5.0
2026-03-06 09:58:00,2026-03-06 09:58:00,2026-03-06 09:58:00,300122.XSHE,智飞生物,BUY,OPEN,17755077630056,0.0,5,100,15.87,17755077630056,5.0
2026-03-06 09:59:00,2026-03-06 09:59:00,2026-03-06 09:59:00,600887.XSHG,伊利股份,BUY,OPEN,17755077630057,0.0,5,100,25.82,17755077630057,5.0
2026-03-06 10:07:00,2026-03-06 10:07:00,2026-03-06 10:07:00,600016.XSHG,民生银行,BUY,OPEN,17755077630058,0.0,5,200,3.84,17755077630058,5.0
2026-03-06 10:10:00,2026-03-06 10:10:00,2026-03-06 10:10:00,300122.XSHE,智飞生物,SELL,CLOSE,17755077630059,0.8035,5,100,16.07,17755077630059,5.8035
2026-03-06 10:10:00,2026-03-06 10:10:00,2026-03-06 10:10:00,300142.XSHE,沃森生物,SELL,CLOSE,17755077630060,0.5815,5,100,11.63,17755077630060,5.5815
2026-03-06 10:14:00,2026-03-06 10:14:00,2026-03-06 10:14:00,600315.XSHG,上海家化,BUY,OPEN,17755077630061,0.0,5,100,20.44,17755077630061,5.0
2026-03-06 10:18:00,2026-03-06 10:18:00,2026-03-06 10:18:00,300122.XSHE,智飞生物,BUY,OPEN,17755077630062,0.0,5,100,16.02,17755077630062,5.0
2026-03-06 11:02:00,2026-03-06 11:02:00,2026-03-06 11:02:00,600000.XSHG,浦发银行,BUY,OPEN,17755077630063,0.0,5,100,9.77,17755077630063,5.0
2026-03-06 13:02:00,2026-03-06 13:02:00,2026-03-06 13:02:00,600161.XSHG,天坛生物,BUY,OPEN,17755077630064,0.0,5,100,15.75,17755077630064,5.0
2026-03-06 13:04:00,2026-03-06 13:04:00,2026-03-06 13:04:00,600000.XSHG,浦发银行,BUY,OPEN,17755077630065,0.0,5,100,9.78,17755077630065,5.0
2026-03-06 13:39:00,2026-03-06 13:39:00,2026-03-06 13:39:00,600030.XSHG,中信证券,BUY,OPEN,17755077630066,0.0,5,100,26.32,17755077630066,5.0
2026-03-06 13:54:00,2026-03-06 13:54:00,2026-03-06 13:54:00,300142.XSHE,沃森生物,SELL,CLOSE,17755077630067,0.5835,5,100,11.67,17755077630067,5.5835
2026-03-06 14:17:00,2026-03-06 14:17:00,2026-03-06 14:17:00,600315.XSHG,上海家化,BUY,OPEN,17755077630068,0.0,5,100,20.5,17755077630068,5.0
2026-03-06 14:48:00,2026-03-06 14:48:00,2026-03-06 14:48:00,600315.XSHG,上海家化,BUY,OPEN,17755077630069,0.0,5,100,20.5,17755077630069,5.0
2026-03-09 09:44:00,2026-03-09 09:44:00,2026-03-09 09:44:00,600161.XSHG,天坛生物,BUY,OPEN,17755077630070,0.0,5,100,15.92,17755077630070,5.0
2026-03-09 09:44:00,2026-03-09 09:44:00,2026-03-09 09:44:00,600016.XSHG,民生银行,BUY,OPEN,17755077630071,0.0,5,200,3.85,17755077630071,5.0
2026-03-09 09:44:00,2026-03-09 09:44:00,2026-03-09 09:44:00,300142.XSHE,沃森生物,BUY,OPEN,17755077630072,0.0,5,100,11.58,17755077630072,5.0
2026-03-09 09:48:00,2026-03-09 09:48:00,2026-03-09 09:48:00,300122.XSHE,智飞生物,BUY,OPEN,17755077630073,0.0,5,100,16.03,17755077630073,5.0
2026-03-09 09:48:00,2026-03-09 09:48:00,2026-03-09 09:48:00,600000.XSHG,浦发银行,BUY,OPEN,17755077630074,0.0,5,100,9.86,17755077630074,5.0
2026-03-09 09:48:00,2026-03-09 09:48:00,2026-03-09 09:48:00,300142.XSHE,沃森生物,BUY,OPEN,17755077630075,0.0,5,100,11.61,17755077630075,5.0
2026-03-09 09:49:00,2026-03-09 09:49:00,2026-03-09 09:49:00,600887.XSHG,伊利股份,BUY,OPEN,17755077630076,0.0,5,100,25.88,17755077630076,5.0
2026-03-09 09:54:00,2026-03-09 09:54:00,2026-03-09 09:54:00,600000.XSHG,浦发银行,BUY,OPEN,17755077630077,0.0,5,100,9.93,17755077630077,5.0
2026-03-09 09:55:00,2026-03-09 09:55:00,2026-03-09 09:55:00,600315.XSHG,上海家化,BUY,OPEN,17755077630078,0.0,5,100,19.46,17755077630078,5.0
2026-03-09 09:56:00,2026-03-09 09:56:00,2026-03-09 09:56:00,300122.XSHE,智飞生物,BUY,OPEN,17755077630079,0.0,5,100,16.15,17755077630079,5.0
2026-03-09 09:57:00,2026-03-09 09:57:00,2026-03-09 09:57:00,600138.XSHG,中青旅,BUY,OPEN,17755077630080,0.0,5,100,9.4,17755077630080,5.0
2026-03-09 09:57:00,2026-03-09 09:57:00,2026-03-09 09:57:00,300142.XSHE,沃森生物,BUY,OPEN,17755077630081,0.0,5,100,11.64,17755077630081,5.0
2026-03-09 09:58:00,2026-03-09 09:58:00,2026-03-09 09:58:00,600161.XSHG,天坛生物,BUY,OPEN,17755077630082,0.0,5,100,15.94,17755077630082,5.0
2026-03-09 09:59:00,2026-03-09 09:59:00,2026-03-09 09:59:00,600016.XSHG,民生银行,BUY,OPEN,17755077630083,0.0,5,200,3.87,17755077630083,5.0
2026-03-09 10:08:00,2026-03-09 10:08:00,2026-03-09 10:08:00,300142.XSHE,沃森生物,BUY,OPEN,17755077630084,0.0,5,100,11.62,17755077630084,5.0
2026-03-09 10:20:00,2026-03-09 10:20:00,2026-03-09 10:20:00,300122.XSHE,智飞生物,SELL,CLOSE,17755077630085,0.8150000000000001,5,100,16.3,17755077630085,5.815
2026-03-09 10:28:00,2026-03-09 10:28:00,2026-03-09 10:28:00,300122.XSHE,智飞生物,BUY,OPEN,17755077630086,0.0,5,100,16.25,17755077630086,5.0
2026-03-09 11:02:00,2026-03-09 11:02:00,2026-03-09 11:02:00,600016.XSHG,民生银行,BUY,OPEN,17755077630087,0.0,5,200,3.87,17755077630087,5.0
2026-03-09 11:24:00,2026-03-09 11:24:00,2026-03-09 11:24:00,300142.XSHE,沃森生物,SELL,CLOSE,17755077630088,1.183,5,200,11.83,17755077630088,6.183
2026-03-09 13:01:00,2026-03-09 13:01:00,2026-03-09 13:01:00,300142.XSHE,沃森生物,BUY,OPEN,17755077630089,0.0,5,100,11.76,17755077630089,5.0
2026-03-09 13:29:00,2026-03-09 13:29:00,2026-03-09 13:29:00,600887.XSHG,伊利股份,SELL,CLOSE,17755077630090,1.3175000000000001,5,100,26.35,17755077630090,6.3175
2026-03-09 13:43:00,2026-03-09 13:43:00,2026-03-09 13:43:00,600887.XSHG,伊利股份,BUY,OPEN,17755077630091,0.0,5,100,26.2,17755077630091,5.0
2026-03-09 14:03:00,2026-03-09 14:03:00,2026-03-09 14:03:00,300142.XSHE,沃森生物,SELL,CLOSE,17755077630092,0.592,5,100,11.84,17755077630092,5.592
2026-03-09 14:37:00,2026-03-09 14:37:00,2026-03-09 14:37:00,600161.XSHG,天坛生物,BUY,OPEN,17755077630093,0.0,5,100,16.03,17755077630093,5.0
2026-03-10 09:43:00,2026-03-10 09:43:00,2026-03-10 09:43:00,300142.XSHE,沃森生物,BUY,OPEN,17755077630094,0.0,5,100,11.96,17755077630094,5.0
2026-03-10 09:47:00,2026-03-10 09:47:00,2026-03-10 09:47:00,600030.XSHG,中信证券,BUY,OPEN,17755077630095,0.0,5,100,26.08,17755077630095,5.0
2026-03-10 09:47:00,2026-03-10 09:47:00,2026-03-10 09:47:00,300122.XSHE,智飞生物,BUY,OPEN,17755077630096,0.0,5,100,16.22,17755077630096,5.0
2026-03-10 10:18:00,2026-03-10 10:18:00,2026-03-10 10:18:00,600016.XSHG,民生银行,BUY,OPEN,17755077630097,0.0,5,200,3.91,17755077630097,5.0
2026-03-10 10:32:00,2026-03-10 10:32:00,2026-03-10 10:32:00,600000.XSHG,浦发银行,BUY,OPEN,17755077630098,0.0,5,100,9.86,17755077630098,5.0
2026-03-10 10:48:00,2026-03-10 10:48:00,2026-03-10 10:48:00,600887.XSHG,伊利股份,BUY,OPEN,17755077630099,0.0,5,100,26.37,17755077630099,5.0
2026-03-10 13:12:00,2026-03-10 13:12:00,2026-03-10 13:12:00,600000.XSHG,浦发银行,BUY,OPEN,17755077630100,0.0,5,100,9.93,17755077630100,5.0
2026-03-11 09:40:00,2026-03-11 09:40:00,2026-03-11 09:40:00,600000.XSHG,浦发银行,BUY,OPEN,17755077630101,0.0,5,100,9.88,17755077630101,5.0
2026-03-11 11:20:00,2026-03-11 11:20:00,2026-03-11 11:20:00,600000.XSHG,浦发银行,SELL,CLOSE,17755077630102,0.5035000000000001,5,100,10.07,17755077630102,5.5035
2026-03-11 13:27:00,2026-03-11 13:27:00,2026-03-11 13:27:00,300122.XSHE,智飞生物,BUY,OPEN,17755077630103,0.0,5,100,16.14,17755077630103,5.0
2026-03-11 13:27:00,2026-03-11 13:27:00,2026-03-11 13:27:00,300142.XSHE,沃森生物,BUY,OPEN,17755077630104,0.0,5,100,11.88,17755077630104,5.0
2026-03-11 13:52:00,2026-03-11 13:52:00,2026-03-11 13:52:00,600161.XSHG,天坛生物,BUY,OPEN,17755077630105,0.0,5,100,16.07,17755077630105,5.0
2026-03-12 09:47:00,2026-03-12 09:47:00,2026-03-12 09:47:00,300142.XSHE,沃森生物,BUY,OPEN,17755077630106,0.0,5,100,11.92,17755077630106,5.0
2026-03-12 13:08:00,2026-03-12 13:08:00,2026-03-12 13:08:00,300142.XSHE,沃森生物,BUY,OPEN,17755077630107,0.0,5,100,11.86,17755077630107,5.0
2026-03-12 13:09:00,2026-03-12 13:09:00,2026-03-12 13:09:00,300122.XSHE,智飞生物,BUY,OPEN,17755077630108,0.0,5,100,16.33,17755077630108,5.0
2026-03-12 13:13:00,2026-03-12 13:13:00,2026-03-12 13:13:00,300122.XSHE,智飞生物,BUY,OPEN,17755077630109,0.0,5,100,16.4,17755077630109,5.0
2026-03-12 13:13:00,2026-03-12 13:13:00,2026-03-12 13:13:00,300142.XSHE,沃森生物,BUY,OPEN,17755077630110,0.0,5,100,11.94,17755077630110,5.0
2026-03-12 13:13:00,2026-03-12 13:13:00,2026-03-12 13:13:00,300122.XSHE,智飞生物,SELL,CLOSE,17755077630111,0.82,5,100,16.4,17755077630111,5.82
2026-03-12 13:19:00,2026-03-12 13:19:00,2026-03-12 13:19:00,300142.XSHE,沃森生物,BUY,OPEN,17755077630112,0.0,5,100,12.16,17755077630112,5.0
2026-03-12 13:19:00,2026-03-12 13:19:00,2026-03-12 13:19:00,300142.XSHE,沃森生物,SELL,CLOSE,17755077630113,1.824,5,300,12.16,17755077630113,6.824
2026-03-12 13:20:00,2026-03-12 13:20:00,2026-03-12 13:20:00,300122.XSHE,智飞生物,SELL,CLOSE,17755077630114,0.8365,5,100,16.73,17755077630114,5.8365
2026-03-12 13:24:00,2026-03-12 13:24:00,2026-03-12 13:24:00,300122.XSHE,智飞生物,BUY,OPEN,17755077630115,0.0,5,100,16.66,17755077630115,5.0
2026-03-12 13:24:00,2026-03-12 13:24:00,2026-03-12 13:24:00,300142.XSHE,沃森生物,BUY,OPEN,17755077630116,0.0,5,100,12.16,17755077630116,5.0
2026-03-13 09:40:00,2026-03-13 09:40:00,2026-03-13 09:40:00,300122.XSHE,智飞生物,BUY,OPEN,17755077630117,0.0,5,100,16.23,17755077630117,5.0
2026-03-13 09:40:00,2026-03-13 09:40:00,2026-03-13 09:40:00,600000.XSHG,浦发银行,BUY,OPEN,17755077630118,0.0,5,100,10.13,17755077630118,5.0
2026-03-13 10:32:00,2026-03-13 10:32:00,2026-03-13 10:32:00,600887.XSHG,伊利股份,BUY,OPEN,17755077630119,0.0,5,100,26.71,17755077630119,5.0
2026-03-13 11:09:00,2026-03-13 11:09:00,2026-03-13 11:09:00,600000.XSHG,浦发银行,SELL,CLOSE,17755077630120,0.516,5,100,10.32,17755077630120,5.516
2026-03-13 11:17:00,2026-03-13 11:17:00,2026-03-13 11:17:00,300122.XSHE,智飞生物,BUY,OPEN,17755077630121,0.0,5,100,16.31,17755077630121,5.0
2026-03-13 13:23:00,2026-03-13 13:23:00,2026-03-13 13:23:00,600000.XSHG,浦发银行,BUY,OPEN,17755077630122,0.0,5,100,10.34,17755077630122,5.0
2026-03-13 13:57:00,2026-03-13 13:57:00,2026-03-13 13:57:00,600138.XSHG,中青旅,BUY,OPEN,17755077630123,0.0,5,100,9.52,17755077630123,5.0
2026-03-13 14:02:00,2026-03-13 14:02:00,2026-03-13 14:02:00,600887.XSHG,伊利股份,BUY,OPEN,17755077630124,0.0,5,100,26.73,17755077630124,5.0
2026-03-13 14:22:00,2026-03-13 14:22:00,2026-03-13 14:22:00,600030.XSHG,中信证券,BUY,OPEN,17755077630125,0.0,5,100,25.79,17755077630125,5.0
2026-03-16 09:38:00,2026-03-16 09:38:00,2026-03-16 09:38:00,600138.XSHG,中青旅,BUY,OPEN,17755077630126,0.0,5,100,9.47,17755077630126,5.0
2026-03-16 09:44:00,2026-03-16 09:44:00,2026-03-16 09:44:00,600315.XSHG,上海家化,SELL,CLOSE,17755077630127,1.082,5,100,21.64,17755077630127,6.082
2026-03-16 09:48:00,2026-03-16 09:48:00,2026-03-16 09:48:00,600887.XSHG,伊利股份,BUY,OPEN,17755077630128,0.0,5,100,26.76,17755077630128,5.0
2026-03-16 09:49:00,2026-03-16 09:49:00,2026-03-16 09:49:00,600000.XSHG,浦发银行,BUY,OPEN,17755077630129,0.0,5,100,10.22,17755077630129,5.0
2026-03-16 09:58:00,2026-03-16 09:58:00,2026-03-16 09:58:00,300122.XSHE,智飞生物,BUY,OPEN,17755077630130,0.0,5,100,16.34,17755077630130,5.0
2026-03-16 09:58:00,2026-03-16 09:58:00,2026-03-16 09:58:00,600161.XSHG,天坛生物,BUY,OPEN,17755077630131,0.0,5,100,16.04,17755077630131,5.0
2026-03-16 10:32:00,2026-03-16 10:32:00,2026-03-16 10:32:00,300122.XSHE,智飞生物,BUY,OPEN,17755077630132,0.0,5,100,16.39,17755077630132,5.0
2026-03-16 10:33:00,2026-03-16 10:33:00,2026-03-16 10:33:00,600138.XSHG,中青旅,BUY,OPEN,17755077630133,0.0,5,100,9.48,17755077630133,5.0
2026-03-16 10:52:00,2026-03-16 10:52:00,2026-03-16 10:52:00,600030.XSHG,中信证券,BUY,OPEN,17755077630134,0.0,5,100,25.38,17755077630134,5.0
2026-03-16 10:52:00,2026-03-16 10:52:00,2026-03-16 10:52:00,600161.XSHG,天坛生物,BUY,OPEN,17755077630135,0.0,5,100,16.07,17755077630135,5.0
2026-03-16 10:54:00,2026-03-16 10:54:00,2026-03-16 10:54:00,600085.XSHG,同仁堂,BUY,OPEN,17755077630136,0.0,5,100,30.18,17755077630136,5.0
2026-03-16 13:13:00,2026-03-16 13:13:00,2026-03-16 13:13:00,600887.XSHG,伊利股份,BUY,OPEN,17755077630137,0.0,5,100,26.78,17755077630137,5.0
2026-03-16 13:22:00,2026-03-16 13:22:00,2026-03-16 13:22:00,300122.XSHE,智飞生物,BUY,OPEN,17755077630138,0.0,5,100,16.33,17755077630138,5.0
2026-03-17 09:31:00,2026-03-17 09:31:00,2026-03-17 09:31:00,600887.XSHG,伊利股份,SELL,CLOSE,17755077630139,1.342,5,100,26.84,17755077630139,6.3420000000000005
2026-03-17 09:31:00,2026-03-17 09:31:00,2026-03-17 09:31:00,600315.XSHG,上海家化,SELL,CLOSE,17755077630140,1.0795000000000001,5,100,21.59,17755077630140,6.0795
2026-03-17 09:31:00,2026-03-17 09:31:00,2026-03-17 09:31:00,300122.XSHE,智飞生物,SELL,CLOSE,17755077630141,0.8195,5,100,16.39,17755077630141,5.8195
2026-03-17 09:31:00,2026-03-17 09:31:00,2026-03-17 09:31:00,600000.XSHG,浦发银行,SELL,CLOSE,17755077630142,0.5135,5,100,10.27,17755077630142,5.5135
2026-03-17 10:17:00,2026-03-17 10:17:00,2026-03-17 10:17:00,600085.XSHG,同仁堂,SELL,CLOSE,17755077630143,1.5235,5,100,30.47,17755077630143,6.5235
2026-03-17 10:27:00,2026-03-17 10:27:00,2026-03-17 10:27:00,600161.XSHG,天坛生物,SELL,CLOSE,17755077630144,0.8085000000000001,5,100,16.17,17755077630144,5.8085
2026-03-17 10:37:00,2026-03-17 10:37:00,2026-03-17 10:37:00,600030.XSHG,中信证券,BUY,OPEN,17755077630145,0.0,5,100,26.35,17755077630145,5.0
2026-03-17 10:37:00,2026-03-17 10:37:00,2026-03-17 10:37:00,600000.XSHG,浦发银行,BUY,OPEN,17755077630146,0.0,5,100,10.31,17755077630146,5.0
2026-03-17 10:38:00,2026-03-17 10:38:00,2026-03-17 10:38:00,300122.XSHE,智飞生物,BUY,OPEN,17755077630147,0.0,5,100,16.52,17755077630147,5.0
2026-03-17 11:12:00,2026-03-17 11:12:00,2026-03-17 11:12:00,600138.XSHG,中青旅,BUY,OPEN,17755077630148,0.0,5,100,9.54,17755077630148,5.0
2026-03-17 13:03:00,2026-03-17 13:03:00,2026-03-17 13:03:00,600000.XSHG,浦发银行,BUY,OPEN,17755077630149,0.0,5,100,10.32,17755077630149,5.0
2026-03-17 13:38:00,2026-03-17 13:38:00,2026-03-17 13:38:00,600161.XSHG,天坛生物,BUY,OPEN,17755077630150,0.0,5,100,16.07,17755077630150,5.0
2026-03-17 13:39:00,2026-03-17 13:39:00,2026-03-17 13:39:00,600085.XSHG,同仁堂,BUY,OPEN,17755077630151,0.0,5,100,30.28,17755077630151,5.0
2026-03-17 14:02:00,2026-03-17 14:02:00,2026-03-17 14:02:00,600016.XSHG,民生银行,BUY,OPEN,17755077630152,0.0,5,200,3.93,17755077630152,5.0
2026-03-18 09:31:00,2026-03-18 09:31:00,2026-03-18 09:31:00,600887.XSHG,伊利股份,SELL,CLOSE,17755077630153,1.3515,5,100,27.03,17755077630153,6.3515
2026-03-18 09:31:00,2026-03-18 09:31:00,2026-03-18 09:31:00,600315.XSHG,上海家化,SELL,CLOSE,17755077630154,1.0755000000000001,5,100,21.51,17755077630154,6.0755
2026-03-18 09:31:00,2026-03-18 09:31:00,2026-03-18 09:31:00,600138.XSHG,中青旅,SELL,CLOSE,17755077630155,0.47500000000000003,5,100,9.5,17755077630155,5.475
2026-03-18 09:31:00,2026-03-18 09:31:00,2026-03-18 09:31:00,600161.XSHG,天坛生物,SELL,CLOSE,17755077630156,0.7995,5,100,15.99,17755077630156,5.7995
2026-03-18 09:31:00,2026-03-18 09:31:00,2026-03-18 09:31:00,300122.XSHE,智飞生物,SELL,CLOSE,17755077630157,0.8119999999999999,5,100,16.24,17755077630157,5.812
2026-03-18 09:31:00,2026-03-18 09:31:00,2026-03-18 09:31:00,600000.XSHG,浦发银行,SELL,CLOSE,17755077630158,0.519,5,100,10.38,17755077630158,5.519
2026-03-18 09:52:00,2026-03-18 09:52:00,2026-03-18 09:52:00,300122.XSHE,智飞生物,BUY,OPEN,17755077630159,0.0,5,100,16.17,17755077630159,5.0
2026-03-18 10:42:00,2026-03-18 10:42:00,2026-03-18 10:42:00,300122.XSHE,智飞生物,BUY,OPEN,17755077630160,0.0,5,100,16.15,17755077630160,5.0
2026-03-18 10:59:00,2026-03-18 10:59:00,2026-03-18 10:59:00,600161.XSHG,天坛生物,BUY,OPEN,17755077630161,0.0,5,100,15.75,17755077630161,5.0
2026-03-18 13:03:00,2026-03-18 13:03:00,2026-03-18 13:03:00,600000.XSHG,浦发银行,BUY,OPEN,17755077630162,0.0,5,100,10.34,17755077630162,5.0
2026-03-18 13:52:00,2026-03-18 13:52:00,2026-03-18 13:52:00,600030.XSHG,中信证券,BUY,OPEN,17755077630163,0.0,5,100,25.86,17755077630163,5.0
2026-03-19 09:31:00,2026-03-19 09:31:00,2026-03-19 09:31:00,600887.XSHG,伊利股份,SELL,CLOSE,17755077630164,1.333,5,100,26.66,17755077630164,6.333
2026-03-19 09:31:00,2026-03-19 09:31:00,2026-03-19 09:31:00,600315.XSHG,上海家化,SELL,CLOSE,17755077630165,1.081,5,100,21.62,17755077630165,6.0809999999999995
2026-03-19 09:31:00,2026-03-19 09:31:00,2026-03-19 09:31:00,600085.XSHG,同仁堂,SELL,CLOSE,17755077630166,1.499,5,100,29.98,17755077630166,6.4990000000000006
2026-03-19 09:31:00,2026-03-19 09:31:00,2026-03-19 09:31:00,600161.XSHG,天坛生物,SELL,CLOSE,17755077630167,0.7875,5,100,15.75,17755077630167,5.7875
2026-03-19 09:31:00,2026-03-19 09:31:00,2026-03-19 09:31:00,300122.XSHE,智飞生物,SELL,CLOSE,17755077630168,0.8045,5,100,16.09,17755077630168,5.8045
2026-03-19 09:31:00,2026-03-19 09:31:00,2026-03-19 09:31:00,300142.XSHE,沃森生物,SELL,CLOSE,17755077630169,2.5180000000000002,5,400,12.59,17755077630169,7.518000000000001
2026-03-19 09:31:00,2026-03-19 09:31:00,2026-03-19 09:31:00,300142.XSHE,沃森生物,SELL,CLOSE,17755077630170,0.6295000000000001,5,100,12.59,17755077630170,5.6295
2026-03-19 09:31:00,2026-03-19 09:31:00,2026-03-19 09:31:00,600016.XSHG,民生银行,SELL,CLOSE,17755077630171,0.39,5,200,3.9,17755077630171,5.39
2026-03-19 09:31:00,2026-03-19 09:31:00,2026-03-19 09:31:00,600000.XSHG,浦发银行,SELL,CLOSE,17755077630172,0.516,5,100,10.32,17755077630172,5.516
2026-03-19 09:33:00,2026-03-19 09:33:00,2026-03-19 09:33:00,300142.XSHE,沃森生物,SELL,CLOSE,17755077630173,0.65,5,100,13.0,17755077630173,5.65
2026-03-19 09:34:00,2026-03-19 09:34:00,2026-03-19 09:34:00,600138.XSHG,中青旅,SELL,CLOSE,17755077630174,0.47050000000000003,5,100,9.41,17755077630174,5.4705
2026-03-19 09:34:00,2026-03-19 09:34:00,2026-03-19 09:34:00,300142.XSHE,沃森生物,SELL,CLOSE,17755077630175,0.6565,5,100,13.13,17755077630175,5.6565
2026-03-19 09:39:00,2026-03-19 09:39:00,2026-03-19 09:39:00,000069.XSHE,华侨城A,BUY,OPEN,17755077630176,0.0,5,400,2.36,17755077630176,5.0
2026-03-19 09:42:00,2026-03-19 09:42:00,2026-03-19 09:42:00,000069.XSHE,华侨城A,BUY,OPEN,17755077630177,0.0,5,400,2.36,17755077630177,5.0
2026-03-19 09:42:00,2026-03-19 09:42:00,2026-03-19 09:42:00,600016.XSHG,民生银行,BUY,OPEN,17755077630178,0.0,5,200,3.89,17755077630178,5.0
2026-03-19 09:45:00,2026-03-19 09:45:00,2026-03-19 09:45:00,000069.XSHE,华侨城A,BUY,OPEN,17755077630179,0.0,5,400,2.36,17755077630179,5.0
2026-03-19 09:45:00,2026-03-19 09:45:00,2026-03-19 09:45:00,600016.XSHG,民生银行,BUY,OPEN,17755077630180,0.0,5,200,3.89,17755077630180,5.0
2026-03-19 10:08:00,2026-03-19 10:08:00,2026-03-19 10:08:00,600887.XSHG,伊利股份,BUY,OPEN,17755077630181,0.0,5,100,26.66,17755077630181,5.0
2026-03-19 10:18:00,2026-03-19 10:18:00,2026-03-19 10:18:00,000069.XSHE,华侨城A,BUY,OPEN,17755077630182,0.0,5,400,2.34,17755077630182,5.0
2026-03-19 10:28:00,2026-03-19 10:28:00,2026-03-19 10:28:00,600000.XSHG,浦发银行,BUY,OPEN,17755077630183,0.0,5,100,10.3,17755077630183,5.0
2026-03-19 11:09:00,2026-03-19 11:09:00,2026-03-19 11:09:00,600161.XSHG,天坛生物,BUY,OPEN,17755077630184,0.0,5,100,15.75,17755077630184,5.0
2026-03-19 11:19:00,2026-03-19 11:19:00,2026-03-19 11:19:00,600000.XSHG,浦发银行,BUY,OPEN,17755077630185,0.0,5,100,10.26,17755077630185,5.0
2026-03-19 11:27:00,2026-03-19 11:27:00,2026-03-19 11:27:00,300122.XSHE,智飞生物,BUY,OPEN,17755077630186,0.0,5,100,15.9,17755077630186,5.0
2026-03-19 13:49:00,2026-03-19 13:49:00,2026-03-19 13:49:00,000069.XSHE,华侨城A,BUY,OPEN,17755077630187,0.0,5,400,2.34,17755077630187,5.0
2026-03-19 13:54:00,2026-03-19 13:54:00,2026-03-19 13:54:00,600030.XSHG,中信证券,BUY,OPEN,17755077630188,0.0,5,100,25.56,17755077630188,5.0
2026-03-19 13:58:00,2026-03-19 13:58:00,2026-03-19 13:58:00,000069.XSHE,华侨城A,BUY,OPEN,17755077630189,0.0,5,400,2.34,17755077630189,5.0
2026-03-19 14:03:00,2026-03-19 14:03:00,2026-03-19 14:03:00,600161.XSHG,天坛生物,BUY,OPEN,17755077630190,0.0,5,100,15.78,17755077630190,5.0
2026-03-19 14:16:00,2026-03-19 14:16:00,2026-03-19 14:16:00,300122.XSHE,智飞生物,BUY,OPEN,17755077630191,0.0,5,100,15.93,17755077630191,5.0
2026-03-19 14:17:00,2026-03-19 14:17:00,2026-03-19 14:17:00,600161.XSHG,天坛生物,BUY,OPEN,17755077630192,0.0,5,100,15.9,17755077630192,5.0
2026-03-19 14:23:00,2026-03-19 14:23:00,2026-03-19 14:23:00,000069.XSHE,华侨城A,BUY,OPEN,17755077630193,0.0,5,400,2.34,17755077630193,5.0
2026-03-19 14:25:00,2026-03-19 14:25:00,2026-03-19 14:25:00,000069.XSHE,华侨城A,BUY,OPEN,17755077630194,0.0,5,400,2.34,17755077630194,5.0
2026-03-19 14:46:00,2026-03-19 14:46:00,2026-03-19 14:46:00,000069.XSHE,华侨城A,BUY,OPEN,17755077630195,0.0,5,400,2.34,17755077630195,5.0
2026-03-19 14:48:00,2026-03-19 14:48:00,2026-03-19 14:48:00,600000.XSHG,浦发银行,BUY,OPEN,17755077630196,0.0,5,100,10.32,17755077630196,5.0
2026-03-20 09:31:00,2026-03-20 09:31:00,2026-03-20 09:31:00,600887.XSHG,伊利股份,SELL,CLOSE,17755077630197,1.3225,5,100,26.45,17755077630197,6.3225
2026-03-20 09:31:00,2026-03-20 09:31:00,2026-03-20 09:31:00,600315.XSHG,上海家化,SELL,CLOSE,17755077630198,2.1590000000000003,5,200,21.59,17755077630198,7.159000000000001
2026-03-20 09:31:00,2026-03-20 09:31:00,2026-03-20 09:31:00,600161.XSHG,天坛生物,SELL,CLOSE,17755077630199,0.7915,5,100,15.83,17755077630199,5.7915
2026-03-20 09:31:00,2026-03-20 09:31:00,2026-03-20 09:31:00,300122.XSHE,智飞生物,SELL,CLOSE,17755077630200,0.7975,5,100,15.95,17755077630200,5.7975
2026-03-20 09:31:00,2026-03-20 09:31:00,2026-03-20 09:31:00,600016.XSHG,民生银行,SELL,CLOSE,17755077630201,0.386,5,200,3.86,17755077630201,5.386
2026-03-20 09:31:00,2026-03-20 09:31:00,2026-03-20 09:31:00,600000.XSHG,浦发银行,SELL,CLOSE,17755077630202,1.5495,5,300,10.33,17755077630202,6.5495
2026-03-20 09:42:00,2026-03-20 09:42:00,2026-03-20 09:42:00,300122.XSHE,智飞生物,BUY,OPEN,17755077630203,0.0,5,100,15.98,17755077630203,5.0
2026-03-20 09:43:00,2026-03-20 09:43:00,2026-03-20 09:43:00,600000.XSHG,浦发银行,BUY,OPEN,17755077630204,0.0,5,100,10.37,17755077630204,5.0
2026-03-20 09:48:00,2026-03-20 09:48:00,2026-03-20 09:48:00,000069.XSHE,华侨城A,BUY,OPEN,17755077630205,0.0,5,400,2.34,17755077630205,5.0
2026-03-20 09:50:00,2026-03-20 09:50:00,2026-03-20 09:50:00,000069.XSHE,华侨城A,BUY,OPEN,17755077630206,0.0,5,400,2.34,17755077630206,5.0
2026-03-20 09:55:00,2026-03-20 09:55:00,2026-03-20 09:55:00,000069.XSHE,华侨城A,BUY,OPEN,17755077630207,0.0,5,400,2.33,17755077630207,5.0
2026-03-20 10:00:00,2026-03-20 10:00:00,2026-03-20 10:00:00,000069.XSHE,华侨城A,BUY,OPEN,17755077630208,0.0,5,400,2.32,17755077630208,5.0
2026-03-20 10:02:00,2026-03-20 10:02:00,2026-03-20 10:02:00,300122.XSHE,智飞生物,BUY,OPEN,17755077630209,0.0,5,100,15.8,17755077630209,5.0
2026-03-20 10:02:00,2026-03-20 10:02:00,2026-03-20 10:02:00,600332.XSHG,白云山,BUY,OPEN,17755077630210,0.0,5,100,25.27,17755077630210,5.0
2026-03-20 10:09:00,2026-03-20 10:09:00,2026-03-20 10:09:00,600016.XSHG,民生银行,BUY,OPEN,17755077630211,0.0,5,200,3.86,17755077630211,5.0
2026-03-20 10:18:00,2026-03-20 10:18:00,2026-03-20 10:18:00,600000.XSHG,浦发银行,BUY,OPEN,17755077630212,0.0,5,100,10.38,17755077630212,5.0
2026-03-20 11:18:00,2026-03-20 11:18:00,2026-03-20 11:18:00,300122.XSHE,智飞生物,BUY,OPEN,17755077630213,0.0,5,100,15.75,17755077630213,5.0
2026-03-20 13:03:00,2026-03-20 13:03:00,2026-03-20 13:03:00,000069.XSHE,华侨城A,BUY,OPEN,17755077630214,0.0,5,400,2.32,17755077630214,5.0
2026-03-20 13:05:00,2026-03-20 13:05:00,2026-03-20 13:05:00,000069.XSHE,华侨城A,BUY,OPEN,17755077630215,0.0,5,400,2.32,17755077630215,5.0
2026-03-20 13:09:00,2026-03-20 13:09:00,2026-03-20 13:09:00,600016.XSHG,民生银行,BUY,OPEN,17755077630216,0.0,5,200,3.85,17755077630216,5.0
2026-03-20 13:13:00,2026-03-20 13:13:00,2026-03-20 13:13:00,600161.XSHG,天坛生物,BUY,OPEN,17755077630217,0.0,5,100,15.71,17755077630217,5.0
2026-03-20 13:19:00,2026-03-20 13:19:00,2026-03-20 13:19:00,300122.XSHE,智飞生物,BUY,OPEN,17755077630218,0.0,5,100,15.82,17755077630218,5.0
2026-03-20 13:22:00,2026-03-20 13:22:00,2026-03-20 13:22:00,600059.XSHG,古越龙山,BUY,OPEN,17755077630219,0.0,5,100,9.09,17755077630219,5.0
2026-03-20 13:24:00,2026-03-20 13:24:00,2026-03-20 13:24:00,000069.XSHE,华侨城A,BUY,OPEN,17755077630220,0.0,5,400,2.31,17755077630220,5.0
2026-03-20 13:28:00,2026-03-20 13:28:00,2026-03-20 13:28:00,000069.XSHE,华侨城A,BUY,OPEN,17755077630221,0.0,5,400,2.31,17755077630221,5.0
2026-03-20 13:37:00,2026-03-20 13:37:00,2026-03-20 13:37:00,000069.XSHE,华侨城A,BUY,OPEN,17755077630222,0.0,5,500,2.31,17755077630222,5.0
2026-03-20 13:47:00,2026-03-20 13:47:00,2026-03-20 13:47:00,600138.XSHG,中青旅,BUY,OPEN,17755077630223,0.0,5,100,9.3,17755077630223,5.0
2026-03-20 13:47:00,2026-03-20 13:47:00,2026-03-20 13:47:00,600332.XSHG,白云山,BUY,OPEN,17755077630224,0.0,5,100,25.26,17755077630224,5.0
2026-03-20 13:58:00,2026-03-20 13:58:00,2026-03-20 13:58:00,600887.XSHG,伊利股份,BUY,OPEN,17755077630225,0.0,5,100,26.54,17755077630225,5.0
2026-03-20 14:12:00,2026-03-20 14:12:00,2026-03-20 14:12:00,600030.XSHG,中信证券,BUY,OPEN,17755077630226,0.0,5,100,25.45,17755077630226,5.0
2026-03-20 14:19:00,2026-03-20 14:19:00,2026-03-20 14:19:00,300122.XSHE,智飞生物,BUY,OPEN,17755077630227,0.0,5,100,15.73,17755077630227,5.0
2026-03-23 09:31:00,2026-03-23 09:31:00,2026-03-23 09:31:00,600887.XSHG,伊利股份,SELL,CLOSE,17755077630228,1.31,5,100,26.2,17755077630228,6.3100000000000005
2026-03-23 09:31:00,2026-03-23 09:31:00,2026-03-23 09:31:00,600000.XSHG,浦发银行,SELL,CLOSE,17755077630229,0.5115000000000001,5,100,10.23,17755077630229,5.5115
2026-03-23 09:39:00,2026-03-23 09:39:00,2026-03-23 09:39:00,600030.XSHG,中信证券,BUY,OPEN,17755077630230,0.0,5,100,24.68,17755077630230,5.0
2026-03-23 09:43:00,2026-03-23 09:43:00,2026-03-23 09:43:00,300122.XSHE,智飞生物,BUY,OPEN,17755077630231,0.0,5,100,15.17,17755077630231,5.0
2026-03-23 09:43:00,2026-03-23 09:43:00,2026-03-23 09:43:00,600000.XSHG,浦发银行,BUY,OPEN,17755077630232,0.0,5,100,10.02,17755077630232,5.0
2026-03-23 09:45:00,2026-03-23 09:45:00,2026-03-23 09:45:00,600059.XSHG,古越龙山,BUY,OPEN,17755077630233,0.0,5,100,8.78,17755077630233,5.0
2026-03-23 09:47:00,2026-03-23 09:47:00,2026-03-23 09:47:00,000069.XSHE,华侨城A,BUY,OPEN,17755077630234,0.0,5,400,2.22,17755077630234,5.0
2026-03-23 09:48:00,2026-03-23 09:48:00,2026-03-23 09:48:00,600161.XSHG,天坛生物,BUY,OPEN,17755077630235,0.0,5,100,15.07,17755077630235,5.0
2026-03-23 09:52:00,2026-03-23 09:52:00,2026-03-23 09:52:00,000069.XSHE,华侨城A,BUY,OPEN,17755077630236,0.0,5,400,2.23,17755077630236,5.0
2026-03-23 09:54:00,2026-03-23 09:54:00,2026-03-23 09:54:00,000069.XSHE,华侨城A,BUY,OPEN,17755077630237,0.0,5,400,2.23,17755077630237,5.0
2026-03-23 09:54:00,2026-03-23 09:54:00,2026-03-23 09:54:00,600030.XSHG,中信证券,BUY,OPEN,17755077630238,0.0,5,100,24.78,17755077630238,5.0
2026-03-23 09:54:00,2026-03-23 09:54:00,2026-03-23 09:54:00,300122.XSHE,智飞生物,BUY,OPEN,17755077630239,0.0,5,100,15.16,17755077630239,5.0
2026-03-23 09:54:00,2026-03-23 09:54:00,2026-03-23 09:54:00,600059.XSHG,古越龙山,BUY,OPEN,17755077630240,0.0,5,100,8.79,17755077630240,5.0
2026-03-23 09:57:00,2026-03-23 09:57:00,2026-03-23 09:57:00,600887.XSHG,伊利股份,BUY,OPEN,17755077630241,0.0,5,100,25.81,17755077630241,5.0
2026-03-23 10:03:00,2026-03-23 10:03:00,2026-03-23 10:03:00,600000.XSHG,浦发银行,BUY,OPEN,17755077630242,0.0,5,100,10.08,17755077630242,5.0
2026-03-23 10:12:00,2026-03-23 10:12:00,2026-03-23 10:12:00,300122.XSHE,智飞生物,BUY,OPEN,17755077630243,0.0,5,100,15.23,17755077630243,5.0
2026-03-23 10:14:00,2026-03-23 10:14:00,2026-03-23 10:14:00,000069.XSHE,华侨城A,BUY,OPEN,17755077630244,0.0,5,400,2.23,17755077630244,5.0
2026-03-23 10:34:00,2026-03-23 10:34:00,2026-03-23 10:34:00,600138.XSHG,中青旅,BUY,OPEN,17755077630245,0.0,5,100,9.07,17755077630245,5.0
2026-03-23 10:39:00,2026-03-23 10:39:00,2026-03-23 10:39:00,600085.XSHG,同仁堂,BUY,OPEN,17755077630246,0.0,5,100,29.01,17755077630246,5.0
2026-03-23 10:44:00,2026-03-23 10:44:00,2026-03-23 10:44:00,600000.XSHG,浦发银行,BUY,OPEN,17755077630247,0.0,5,100,9.99,17755077630247,5.0
2026-03-23 11:03:00,2026-03-23 11:03:00,2026-03-23 11:03:00,600000.XSHG,浦发银行,BUY,OPEN,17755077630248,0.0,5,100,10.0,17755077630248,5.0
2026-03-23 11:12:00,2026-03-23 11:12:00,2026-03-23 11:12:00,600016.XSHG,民生银行,BUY,OPEN,17755077630249,0.0,5,200,3.75,17755077630249,5.0
2026-03-23 11:28:00,2026-03-23 11:28:00,2026-03-23 11:28:00,600138.XSHG,中青旅,BUY,OPEN,17755077630250,0.0,5,100,9.03,17755077630250,5.0
2026-03-23 13:10:00,2026-03-23 13:10:00,2026-03-23 13:10:00,600030.XSHG,中信证券,BUY,OPEN,17755077630251,0.0,5,100,24.51,17755077630251,5.0
2026-03-23 13:42:00,2026-03-23 13:42:00,2026-03-23 13:42:00,300122.XSHE,智飞生物,BUY,OPEN,17755077630252,0.0,5,100,14.99,17755077630252,5.0
2026-03-23 13:52:00,2026-03-23 13:52:00,2026-03-23 13:52:00,600161.XSHG,天坛生物,BUY,OPEN,17755077630253,0.0,5,100,14.86,17755077630253,5.0
2026-03-23 14:02:00,2026-03-23 14:02:00,2026-03-23 14:02:00,600000.XSHG,浦发银行,BUY,OPEN,17755077630254,0.0,5,100,9.91,17755077630254,5.0
2026-03-23 14:04:00,2026-03-23 14:04:00,2026-03-23 14:04:00,600059.XSHG,古越龙山,BUY,OPEN,17755077630255,0.0,5,100,8.6,17755077630255,5.0
2026-03-23 14:05:00,2026-03-23 14:05:00,2026-03-23 14:05:00,300122.XSHE,智飞生物,BUY,OPEN,17755077630256,0.0,5,100,14.92,17755077630256,5.0
2026-03-23 14:23:00,2026-03-23 14:23:00,2026-03-23 14:23:00,600138.XSHG,中青旅,BUY,OPEN,17755077630257,0.0,5,100,8.88,17755077630257,5.0
2026-03-23 14:23:00,2026-03-23 14:23:00,2026-03-23 14:23:00,300122.XSHE,智飞生物,BUY,OPEN,17755077630258,0.0,5,100,14.85,17755077630258,5.0
2026-03-23 14:32:00,2026-03-23 14:32:00,2026-03-23 14:32:00,600059.XSHG,古越龙山,BUY,OPEN,17755077630259,0.0,5,100,8.58,17755077630259,5.0
2026-03-23 14:48:00,2026-03-23 14:48:00,2026-03-23 14:48:00,600138.XSHG,中青旅,BUY,OPEN,17755077630260,0.0,5,100,8.88,17755077630260,5.0
2026-03-24 09:31:00,2026-03-24 09:31:00,2026-03-24 09:31:00,600000.XSHG,浦发银行,SELL,CLOSE,17755077630261,0.49749999999999994,5,100,9.95,17755077630261,5.4975
2026-03-24 09:32:00,2026-03-24 09:32:00,2026-03-24 09:32:00,300142.XSHE,沃森生物,SELL,CLOSE,17755077630262,0.598,5,100,11.96,17755077630262,5.598
2026-03-24 09:37:00,2026-03-24 09:37:00,2026-03-24 09:37:00,600887.XSHG,伊利股份,BUY,OPEN,17755077630263,0.0,5,100,25.51,17755077630263,5.0
2026-03-24 09:47:00,2026-03-24 09:47:00,2026-03-24 09:47:00,600138.XSHG,中青旅,BUY,OPEN,17755077630264,0.0,5,100,8.94,17755077630264,5.0
2026-03-24 09:48:00,2026-03-24 09:48:00,2026-03-24 09:48:00,600016.XSHG,民生银行,BUY,OPEN,17755077630265,0.0,5,200,3.74,17755077630265,5.0
2026-03-24 09:49:00,2026-03-24 09:49:00,2026-03-24 09:49:00,600535.XSHG,天士力,BUY,OPEN,17755077630266,0.0,5,100,13.6,17755077630266,5.0
2026-03-24 09:49:00,2026-03-24 09:49:00,2026-03-24 09:49:00,600000.XSHG,浦发银行,BUY,OPEN,17755077630267,0.0,5,100,9.94,17755077630267,5.0
2026-03-24 09:53:00,2026-03-24 09:53:00,2026-03-24 09:53:00,600059.XSHG,古越龙山,BUY,OPEN,17755077630268,0.0,5,100,8.61,17755077630268,5.0
2026-03-24 09:53:00,2026-03-24 09:53:00,2026-03-24 09:53:00,600016.XSHG,民生银行,BUY,OPEN,17755077630269,0.0,5,200,3.74,17755077630269,5.0
2026-03-24 10:04:00,2026-03-24 10:04:00,2026-03-24 10:04:00,600535.XSHG,天士力,BUY,OPEN,17755077630270,0.0,5,100,13.62,17755077630270,5.0
2026-03-24 10:24:00,2026-03-24 10:24:00,2026-03-24 10:24:00,600030.XSHG,中信证券,BUY,OPEN,17755077630271,0.0,5,100,24.31,17755077630271,5.0
2026-03-24 10:28:00,2026-03-24 10:28:00,2026-03-24 10:28:00,600030.XSHG,中信证券,BUY,OPEN,17755077630272,0.0,5,100,24.45,17755077630272,5.0
2026-03-24 10:53:00,2026-03-24 10:53:00,2026-03-24 10:53:00,600085.XSHG,同仁堂,BUY,OPEN,17755077630273,0.0,5,100,28.67,17755077630273,5.0
2026-03-24 10:58:00,2026-03-24 10:58:00,2026-03-24 10:58:00,600059.XSHG,古越龙山,BUY,OPEN,17755077630274,0.0,5,100,8.69,17755077630274,5.0
2026-03-24 11:02:00,2026-03-24 11:02:00,2026-03-24 11:02:00,600000.XSHG,浦发银行,BUY,OPEN,17755077630275,0.0,5,100,10.05,17755077630275,5.0
2026-03-24 13:31:00,2026-03-24 13:31:00,2026-03-24 13:31:00,600138.XSHG,中青旅,BUY,OPEN,17755077630276,0.0,5,100,8.98,17755077630276,5.0
2026-03-24 13:33:00,2026-03-24 13:33:00,2026-03-24 13:33:00,600887.XSHG,伊利股份,BUY,OPEN,17755077630277,0.0,5,100,25.55,17755077630277,5.0
2026-03-25 10:39:00,2026-03-25 10:39:00,2026-03-25 10:39:00,600138.XSHG,中青旅,BUY,OPEN,17755077630278,0.0,5,100,9.15,17755077630278,5.0
2026-03-25 11:27:00,2026-03-25 11:27:00,2026-03-25 11:27:00,600030.XSHG,中信证券,BUY,OPEN,17755077630279,0.0,5,100,24.57,17755077630279,5.0
2026-03-25 11:29:00,2026-03-25 11:29:00,2026-03-25 11:29:00,600016.XSHG,民生银行,SELL,CLOSE,17755077630280,0.5805,5,300,3.87,17755077630280,5.5805
2026-03-25 13:49:00,2026-03-25 13:49:00,2026-03-25 13:49:00,600030.XSHG,中信证券,BUY,OPEN,17755077630281,0.0,5,100,24.7,17755077630281,5.0
2026-03-25 14:02:00,2026-03-25 14:02:00,2026-03-25 14:02:00,600059.XSHG,古越龙山,BUY,OPEN,17755077630282,0.0,5,100,8.79,17755077630282,5.0
2026-03-25 14:18:00,2026-03-25 14:18:00,2026-03-25 14:18:00,600138.XSHG,中青旅,BUY,OPEN,17755077630283,0.0,5,100,9.19,17755077630283,5.0
2026-03-26 09:38:00,2026-03-26 09:38:00,2026-03-26 09:38:00,600059.XSHG,古越龙山,BUY,OPEN,17755077630284,0.0,5,100,8.83,17755077630284,5.0
2026-03-26 09:57:00,2026-03-26 09:57:00,2026-03-26 09:57:00,600887.XSHG,伊利股份,BUY,OPEN,17755077630285,0.0,5,100,26.08,17755077630285,5.0
2026-03-26 09:59:00,2026-03-26 09:59:00,2026-03-26 09:59:00,600085.XSHG,同仁堂,BUY,OPEN,17755077630286,0.0,5,100,28.64,17755077630286,5.0
2026-03-26 10:03:00,2026-03-26 10:03:00,2026-03-26 10:03:00,600000.XSHG,浦发银行,BUY,OPEN,17755077630287,0.0,5,100,10.11,17755077630287,5.0
2026-03-26 13:12:00,2026-03-26 13:12:00,2026-03-26 13:12:00,600138.XSHG,中青旅,BUY,OPEN,17755077630288,0.0,5,100,9.17,17755077630288,5.0
2026-03-26 13:22:00,2026-03-26 13:22:00,2026-03-26 13:22:00,600000.XSHG,浦发银行,BUY,OPEN,17755077630289,0.0,5,100,10.05,17755077630289,5.0
2026-03-27 09:44:00,2026-03-27 09:44:00,2026-03-27 09:44:00,600000.XSHG,浦发银行,BUY,OPEN,17755077630290,0.0,5,100,10.05,17755077630290,5.0
2026-03-27 09:45:00,2026-03-27 09:45:00,2026-03-27 09:45:00,600016.XSHG,民生银行,BUY,OPEN,17755077630291,0.0,5,200,3.83,17755077630291,5.0
2026-03-27 09:48:00,2026-03-27 09:48:00,2026-03-27 09:48:00,600138.XSHG,中青旅,BUY,OPEN,17755077630292,0.0,5,100,9.12,17755077630292,5.0
2026-03-27 09:49:00,2026-03-27 09:49:00,2026-03-27 09:49:00,600059.XSHG,古越龙山,BUY,OPEN,17755077630293,0.0,5,100,8.78,17755077630293,5.0
2026-03-27 09:53:00,2026-03-27 09:53:00,2026-03-27 09:53:00,600887.XSHG,伊利股份,BUY,OPEN,17755077630294,0.0,5,100,25.96,17755077630294,5.0
2026-03-27 09:54:00,2026-03-27 09:54:00,2026-03-27 09:54:00,600016.XSHG,民生银行,BUY,OPEN,17755077630295,0.0,5,200,3.82,17755077630295,5.0
2026-03-27 09:59:00,2026-03-27 09:59:00,2026-03-27 09:59:00,600030.XSHG,中信证券,BUY,OPEN,17755077630296,0.0,5,100,24.2,17755077630296,5.0
2026-03-27 10:22:00,2026-03-27 10:22:00,2026-03-27 10:22:00,600059.XSHG,古越龙山,BUY,OPEN,17755077630297,0.0,5,100,8.83,17755077630297,5.0
2026-03-27 10:29:00,2026-03-27 10:29:00,2026-03-27 10:29:00,600016.XSHG,民生银行,BUY,OPEN,17755077630298,0.0,5,200,3.83,17755077630298,5.0
2026-03-27 10:54:00,2026-03-27 10:54:00,2026-03-27 10:54:00,600030.XSHG,中信证券,BUY,OPEN,17755077630299,0.0,5,100,24.2,17755077630299,5.0
2026-03-27 10:57:00,2026-03-27 10:57:00,2026-03-27 10:57:00,600138.XSHG,中青旅,BUY,OPEN,17755077630300,0.0,5,100,9.12,17755077630300,5.0
